EmployeeID,Age,Age Group:,Attrition,BusinessTravel,DailyRate,Department,DistanceFromHome,Education,EducationField,EmployeeCount,EmployeeNumber,EnvironmentSatisfaction,Gender,HourlyRate,JobInvolvement,JobLevel,JobRole,JobSatisfaction,MaritalStatus,MonthlyIncome,Income Band,MonthlyRate,NumCompaniesWorked,Over18,OverTime,PercentSalaryHike,PerformanceRating,RelationshipSatisfaction,StandardHours,StockOptionLevel,TotalWorkingYears,TrainingTimesLastYear,WorkLifeBalance,YearsAtCompany,YearsAtCompany Band,YearsInCurrentRole,YearsSinceLastPromotion,YearsWithCurrManager
EMP0001,41,40+,Yes,Travel_Rarely,1102,Sales,1,2,Life Sciences,1,1,2,Female,94,3,2,Sales Executive,4,Single,5993,Medium,19479,8,Y,Yes,11,3,1,80,0,8,0,1,6,5-10,4,0,5
EMP0002,49,40+,No,Travel_Frequently,279,Research & Development,8,1,Life Sciences,1,2,3,Male,61,2,2,Research Scientist,2,Married,5130,Medium,24907,1,Y,No,23,4,4,80,1,10,3,3,10,5-10,7,1,7
EMP0003,37,30-40,Yes,Travel_Rarely,1373,Research & Development,2,2,Other,1,4,4,Male,92,2,1,Laboratory Technician,3,Single,2090,Low,2396,6,Y,Yes,15,3,2,80,0,7,3,3,0,<2,0,0,0
EMP0004,33,30-40,No,Travel_Frequently,1392,Research & Development,3,4,Life Sciences,1,5,4,Female,56,3,1,Research Scientist,3,Married,2909,Low,23159,1,Y,Yes,11,3,3,80,0,8,3,3,8,5-10,7,3,0
EMP0005,27,Under 30,No,Travel_Rarely,591,Research & Development,2,1,Medical,1,7,1,Male,40,3,1,Laboratory Technician,2,Married,3468,Medium,16632,9,Y,No,12,3,4,80,1,6,3,3,2,2-5,2,2,2
EMP0006,32,30-40,No,Travel_Frequently,1005,Research & Development,2,2,Life Sciences,1,8,4,Male,79,3,1,Laboratory Technician,4,Single,3068,Medium,11864,0,Y,No,13,3,3,80,0,8,2,2,7,5-10,7,3,6
EMP0007,59,40+,No,Travel_Rarely,1324,Research & Development,3,3,Medical,1,10,3,Female,81,4,1,Laboratory Technician,1,Married,2670,Low,9964,4,Y,Yes,20,4,1,80,3,12,3,2,1,<2,0,0,0
EMP0008,30,30-40,No,Travel_Rarely,1358,Research & Development,24,1,Life Sciences,1,11,4,Male,67,3,1,Laboratory Technician,3,Divorced,2693,Low,13335,1,Y,No,22,4,2,80,1,1,2,3,1,<2,0,0,0
EMP0009,38,30-40,No,Travel_Frequently,216,Research & Development,23,3,Life Sciences,1,12,4,Male,44,2,3,Manufacturing Director,3,Single,9526,High,8787,0,Y,No,21,4,2,80,0,10,2,3,9,5-10,7,1,8
EMP0010,36,30-40,No,Travel_Rarely,1299,Research & Development,27,3,Medical,1,13,3,Male,94,3,2,Healthcare Representative,3,Married,5237,Medium,16577,6,Y,No,13,3,2,80,2,17,3,2,7,5-10,7,7,7
EMP0011,35,30-40,No,Travel_Rarely,809,Research & Development,16,3,Medical,1,14,1,Male,84,4,1,Laboratory Technician,2,Married,2426,Low,16479,0,Y,No,13,3,3,80,1,6,5,3,5,2-5,4,0,3
EMP0012,29,Under 30,No,Travel_Rarely,153,Research & Development,15,2,Life Sciences,1,15,4,Female,49,2,2,Laboratory Technician,3,Single,4193,Medium,12682,0,Y,Yes,12,3,4,80,0,10,3,3,9,5-10,5,0,8
EMP0013,31,30-40,No,Travel_Rarely,670,Research & Development,26,1,Life Sciences,1,16,1,Male,31,3,1,Research Scientist,3,Divorced,2911,Low,15170,1,Y,No,17,3,4,80,1,5,1,2,5,2-5,2,4,3
EMP0014,34,30-40,No,Travel_Rarely,1346,Research & Development,19,2,Medical,1,18,2,Male,93,3,1,Laboratory Technician,4,Divorced,2661,Low,8758,0,Y,No,11,3,3,80,1,3,2,3,2,2-5,2,1,2
EMP0015,28,Under 30,Yes,Travel_Rarely,103,Research & Development,24,3,Life Sciences,1,19,3,Male,50,2,1,Laboratory Technician,3,Single,2028,Low,12947,5,Y,Yes,14,3,2,80,0,6,4,3,4,2-5,2,0,3
EMP0016,29,Under 30,No,Travel_Rarely,1389,Research & Development,21,4,Life Sciences,1,20,2,Female,51,4,3,Manufacturing Director,1,Divorced,9980,High,10195,1,Y,No,11,3,3,80,1,10,1,3,10,5-10,9,8,8
EMP0017,32,30-40,No,Travel_Rarely,334,Research & Development,5,2,Life Sciences,1,21,1,Male,80,4,1,Research Scientist,2,Divorced,3298,Medium,15053,0,Y,Yes,12,3,4,80,2,7,5,2,6,5-10,2,0,5
EMP0018,22,Under 30,No,Non-Travel,1123,Research & Development,16,2,Medical,1,22,4,Male,96,4,1,Laboratory Technician,4,Divorced,2935,Low,7324,1,Y,Yes,13,3,2,80,2,1,2,2,1,<2,0,0,0
EMP0019,53,40+,No,Travel_Rarely,1219,Sales,2,4,Life Sciences,1,23,1,Female,78,2,4,Manager,4,Married,15427,High,22021,2,Y,No,16,3,3,80,0,31,3,3,25,10+,8,3,7
EMP0020,38,30-40,No,Travel_Rarely,371,Research & Development,2,3,Life Sciences,1,24,4,Male,45,3,1,Research Scientist,4,Single,3944,Medium,4306,5,Y,Yes,11,3,3,80,0,6,3,3,3,2-5,2,1,2
EMP0021,24,Under 30,No,Non-Travel,673,Research & Development,11,2,Other,1,26,1,Female,96,4,2,Manufacturing Director,3,Divorced,4011,Medium,8232,0,Y,No,18,3,4,80,1,5,5,2,4,2-5,2,1,3
EMP0022,36,30-40,Yes,Travel_Rarely,1218,Sales,9,4,Life Sciences,1,27,3,Male,82,2,1,Sales Representative,1,Single,3407,Medium,6986,7,Y,No,23,4,2,80,0,10,4,3,5,2-5,3,0,3
EMP0023,34,30-40,No,Travel_Rarely,419,Research & Development,7,4,Life Sciences,1,28,1,Female,53,3,3,Research Director,2,Single,11994,High,21293,0,Y,No,11,3,3,80,0,13,4,3,12,10+,6,2,11
EMP0024,21,Under 30,No,Travel_Rarely,391,Research & Development,15,2,Life Sciences,1,30,3,Male,96,3,1,Research Scientist,4,Single,1232,Low,19281,1,Y,No,14,3,4,80,0,0,6,3,0,<2,0,0,0
EMP0025,34,30-40,Yes,Travel_Rarely,699,Research & Development,6,1,Medical,1,31,2,Male,83,3,1,Research Scientist,1,Single,2960,Low,17102,2,Y,No,11,3,3,80,0,8,2,3,4,2-5,2,1,3
EMP0026,53,40+,No,Travel_Rarely,1282,Research & Development,5,3,Other,1,32,3,Female,58,3,5,Manager,3,Divorced,19094,High,10735,4,Y,No,11,3,4,80,1,26,3,2,14,10+,13,4,8
EMP0027,32,30-40,Yes,Travel_Frequently,1125,Research & Development,16,1,Life Sciences,1,33,2,Female,72,1,1,Research Scientist,1,Single,3919,Medium,4681,1,Y,Yes,22,4,2,80,0,10,5,3,10,5-10,2,6,7
EMP0028,42,40+,No,Travel_Rarely,691,Sales,8,4,Marketing,1,35,3,Male,48,3,2,Sales Executive,2,Married,6825,Medium,21173,0,Y,No,11,3,4,80,1,10,2,3,9,5-10,7,4,2
EMP0029,44,40+,No,Travel_Rarely,477,Research & Development,7,4,Medical,1,36,1,Female,42,2,3,Healthcare Representative,4,Married,10248,High,2094,3,Y,No,14,3,4,80,1,24,4,3,22,10+,6,5,17
EMP0030,46,40+,No,Travel_Rarely,705,Sales,2,4,Marketing,1,38,2,Female,83,3,5,Manager,1,Single,18947,High,22822,3,Y,No,12,3,4,80,0,22,2,2,2,2-5,2,2,1
EMP0031,33,30-40,No,Travel_Rarely,924,Research & Development,2,3,Medical,1,39,3,Male,78,3,1,Laboratory Technician,4,Single,2496,Low,6670,4,Y,No,11,3,4,80,0,7,3,3,1,<2,1,0,0
EMP0032,44,40+,No,Travel_Rarely,1459,Research & Development,10,4,Other,1,40,4,Male,41,3,2,Healthcare Representative,4,Married,6465,Medium,19121,2,Y,Yes,13,3,4,80,0,9,5,4,4,2-5,2,1,3
EMP0033,30,30-40,No,Travel_Rarely,125,Research & Development,9,2,Medical,1,41,4,Male,83,2,1,Laboratory Technician,3,Single,2206,Low,16117,1,Y,No,13,3,1,80,0,10,5,3,10,5-10,0,1,8
EMP0034,39,30-40,Yes,Travel_Rarely,895,Sales,5,3,Technical Degree,1,42,4,Male,56,3,2,Sales Representative,4,Married,2086,Low,3335,3,Y,No,14,3,3,80,1,19,6,4,1,<2,0,0,0
EMP0035,24,Under 30,Yes,Travel_Rarely,813,Research & Development,1,3,Medical,1,45,2,Male,61,3,1,Research Scientist,4,Married,2293,Low,3020,2,Y,Yes,16,3,1,80,1,6,2,2,2,2-5,0,2,0
EMP0036,43,40+,No,Travel_Rarely,1273,Research & Development,2,2,Medical,1,46,4,Female,72,4,1,Research Scientist,3,Divorced,2645,Low,21923,1,Y,No,12,3,4,80,2,6,3,2,5,2-5,3,1,4
EMP0037,50,40+,Yes,Travel_Rarely,869,Sales,3,2,Marketing,1,47,1,Male,86,2,1,Sales Representative,3,Married,2683,Low,3810,1,Y,Yes,14,3,3,80,0,3,2,3,3,2-5,2,0,2
EMP0038,35,30-40,No,Travel_Rarely,890,Sales,2,3,Marketing,1,49,4,Female,97,3,1,Sales Representative,4,Married,2014,Low,9687,1,Y,No,13,3,1,80,0,2,3,3,2,2-5,2,2,2
EMP0039,36,30-40,No,Travel_Rarely,852,Research & Development,5,4,Life Sciences,1,51,2,Female,82,2,1,Research Scientist,1,Married,3419,Medium,13072,9,Y,Yes,14,3,4,80,1,6,3,4,1,<2,1,0,0
EMP0040,33,30-40,No,Travel_Frequently,1141,Sales,1,3,Life Sciences,1,52,3,Female,42,4,2,Sales Executive,1,Married,5376,Medium,3193,2,Y,No,19,3,1,80,2,10,3,3,5,2-5,3,1,3
EMP0041,35,30-40,No,Travel_Rarely,464,Research & Development,4,2,Other,1,53,3,Male,75,3,1,Laboratory Technician,4,Divorced,1951,Low,10910,1,Y,No,12,3,3,80,1,1,3,3,1,<2,0,0,0
EMP0042,27,Under 30,No,Travel_Rarely,1240,Research & Development,2,4,Life Sciences,1,54,4,Female,33,3,1,Laboratory Technician,1,Divorced,2341,Low,19715,1,Y,No,13,3,4,80,1,1,6,3,1,<2,0,0,0
EMP0043,26,Under 30,Yes,Travel_Rarely,1357,Research & Development,25,3,Life Sciences,1,55,1,Male,48,1,1,Laboratory Technician,3,Single,2293,Low,10558,1,Y,No,12,3,3,80,0,1,2,2,1,<2,0,0,1
EMP0044,27,Under 30,No,Travel_Frequently,994,Sales,8,3,Life Sciences,1,56,4,Male,37,3,3,Sales Executive,3,Single,8726,High,2975,1,Y,No,15,3,4,80,0,9,0,3,9,5-10,8,1,7
EMP0045,30,30-40,No,Travel_Frequently,721,Research & Development,1,2,Medical,1,57,3,Female,58,3,2,Laboratory Technician,4,Single,4011,Medium,10781,1,Y,No,23,4,4,80,0,12,2,3,12,10+,8,3,7
EMP0046,41,40+,Yes,Travel_Rarely,1360,Research & Development,12,3,Technical Degree,1,58,2,Female,49,3,5,Research Director,3,Married,19545,High,16280,1,Y,No,12,3,4,80,0,23,0,3,22,10+,15,15,8
EMP0047,34,30-40,No,Non-Travel,1065,Sales,23,4,Marketing,1,60,2,Male,72,3,2,Sales Executive,3,Single,4568,Medium,10034,0,Y,No,20,4,3,80,0,10,2,3,9,5-10,5,8,7
EMP0048,37,30-40,No,Travel_Rarely,408,Research & Development,19,2,Life Sciences,1,61,2,Male,73,3,1,Research Scientist,2,Married,3022,Medium,10227,4,Y,No,21,4,1,80,0,8,1,3,1,<2,0,0,0
EMP0049,46,40+,No,Travel_Frequently,1211,Sales,5,4,Marketing,1,62,1,Male,98,3,2,Sales Executive,4,Single,5772,Medium,20445,4,Y,Yes,21,4,3,80,0,14,4,3,9,5-10,6,0,8
EMP0050,35,30-40,No,Travel_Rarely,1229,Research & Development,8,1,Life Sciences,1,63,4,Male,36,4,1,Laboratory Technician,4,Married,2269,Low,4892,1,Y,No,19,3,4,80,0,1,2,3,1,<2,0,0,1
EMP0051,48,40+,Yes,Travel_Rarely,626,Research & Development,1,2,Life Sciences,1,64,1,Male,98,2,3,Laboratory Technician,3,Single,5381,Medium,19294,9,Y,Yes,13,3,4,80,0,23,2,3,1,<2,0,0,0
EMP0052,28,Under 30,Yes,Travel_Rarely,1434,Research & Development,5,4,Technical Degree,1,65,3,Male,50,3,1,Laboratory Technician,3,Single,3441,Medium,11179,1,Y,Yes,13,3,3,80,0,2,3,2,2,2-5,2,2,2
EMP0053,44,40+,No,Travel_Rarely,1488,Sales,1,5,Marketing,1,68,2,Female,75,3,2,Sales Executive,1,Divorced,5454,Medium,4009,5,Y,Yes,21,4,3,80,1,9,2,2,4,2-5,3,1,3
EMP0054,35,30-40,No,Non-Travel,1097,Research & Development,11,2,Medical,1,70,3,Male,79,2,3,Healthcare Representative,1,Married,9884,High,8302,2,Y,Yes,13,3,3,80,1,10,3,3,4,2-5,0,2,3
EMP0055,26,Under 30,No,Travel_Rarely,1443,Sales,23,3,Marketing,1,72,3,Female,47,2,2,Sales Executive,4,Married,4157,Medium,21436,7,Y,Yes,19,3,3,80,1,5,2,2,2,2-5,2,0,0
EMP0056,33,30-40,No,Travel_Frequently,515,Research & Development,1,2,Life Sciences,1,73,1,Female,98,3,3,Research Director,4,Single,13458,High,15146,1,Y,Yes,12,3,3,80,0,15,1,3,15,10+,14,8,12
EMP0057,35,30-40,No,Travel_Frequently,853,Sales,18,5,Life Sciences,1,74,2,Male,71,3,3,Sales Executive,1,Married,9069,High,11031,1,Y,No,22,4,4,80,1,9,3,2,9,5-10,8,1,8
EMP0058,35,30-40,No,Travel_Rarely,1142,Research & Development,23,4,Medical,1,75,3,Female,30,3,1,Laboratory Technician,1,Married,4014,Medium,16002,3,Y,Yes,15,3,3,80,1,4,3,3,2,2-5,2,2,2
EMP0059,31,30-40,No,Travel_Rarely,655,Research & Development,7,4,Life Sciences,1,76,4,Male,48,3,2,Laboratory Technician,4,Divorced,5915,Medium,9528,3,Y,No,22,4,4,80,1,10,3,2,7,5-10,7,1,7
EMP0060,37,30-40,No,Travel_Rarely,1115,Research & Development,1,4,Life Sciences,1,77,1,Male,51,2,2,Manufacturing Director,3,Divorced,5993,Medium,2689,1,Y,No,18,3,3,80,1,7,2,4,7,5-10,5,0,7
EMP0061,32,30-40,No,Travel_Rarely,427,Research & Development,1,3,Medical,1,78,1,Male,33,3,2,Manufacturing Director,4,Married,6162,Medium,10877,1,Y,Yes,22,4,2,80,1,9,3,3,9,5-10,8,7,8
EMP0062,38,30-40,No,Travel_Frequently,653,Research & Development,29,5,Life Sciences,1,79,4,Female,50,3,2,Laboratory Technician,4,Single,2406,Low,5456,1,Y,No,11,3,4,80,0,10,2,3,10,5-10,3,9,9
EMP0063,50,40+,No,Travel_Rarely,989,Research & Development,7,2,Medical,1,80,2,Female,43,2,5,Research Director,3,Divorced,18740,High,16701,5,Y,Yes,12,3,4,80,1,29,2,2,27,10+,3,13,8
EMP0064,59,40+,No,Travel_Rarely,1435,Sales,25,3,Life Sciences,1,81,1,Female,99,3,3,Sales Executive,1,Single,7637,High,2354,7,Y,No,11,3,4,80,0,28,3,2,21,10+,16,7,9
EMP0065,36,30-40,No,Travel_Rarely,1223,Research & Development,8,3,Technical Degree,1,83,3,Female,59,3,3,Healthcare Representative,3,Divorced,10096,High,8202,1,Y,No,13,3,2,80,3,17,2,3,17,10+,14,12,8
EMP0066,55,40+,No,Travel_Rarely,836,Research & Development,8,3,Medical,1,84,4,Female,33,3,4,Manager,3,Divorced,14756,High,19730,2,Y,Yes,14,3,3,80,3,21,2,3,5,2-5,0,0,2
EMP0067,36,30-40,No,Travel_Frequently,1195,Research & Development,11,3,Life Sciences,1,85,2,Male,95,2,2,Manufacturing Director,2,Single,6499,Medium,22656,1,Y,No,13,3,3,80,0,6,3,3,6,5-10,5,0,3
EMP0068,45,40+,No,Travel_Rarely,1339,Research & Development,7,3,Life Sciences,1,86,2,Male,59,3,3,Research Scientist,1,Divorced,9724,High,18787,2,Y,No,17,3,3,80,1,25,2,3,1,<2,0,0,0
EMP0069,35,30-40,No,Travel_Frequently,664,Research & Development,1,3,Medical,1,88,2,Male,79,3,1,Research Scientist,1,Married,2194,Low,5868,4,Y,No,13,3,4,80,1,5,2,2,3,2-5,2,1,2
EMP0070,36,30-40,Yes,Travel_Rarely,318,Research & Development,9,3,Medical,1,90,4,Male,79,2,1,Research Scientist,3,Married,3388,Medium,21777,0,Y,Yes,17,3,1,80,1,2,0,2,1,<2,0,0,0
EMP0071,59,40+,No,Travel_Frequently,1225,Sales,1,1,Life Sciences,1,91,1,Female,57,2,2,Sales Executive,3,Single,5473,Medium,24668,7,Y,No,11,3,4,80,0,20,2,2,4,2-5,3,1,3
EMP0072,29,Under 30,No,Travel_Rarely,1328,Research & Development,2,3,Life Sciences,1,94,3,Male,76,3,1,Research Scientist,2,Married,2703,Low,4956,0,Y,No,23,4,4,80,1,6,3,3,5,2-5,4,0,4
EMP0073,31,30-40,No,Travel_Rarely,1082,Research & Development,1,4,Medical,1,95,3,Male,87,3,1,Research Scientist,2,Single,2501,Low,18775,1,Y,No,17,3,2,80,0,1,4,3,1,<2,1,1,0
EMP0074,32,30-40,No,Travel_Rarely,548,Research & Development,1,3,Life Sciences,1,96,2,Male,66,3,2,Research Scientist,2,Married,6220,Medium,7346,1,Y,No,17,3,2,80,2,10,3,3,10,5-10,4,0,9
EMP0075,36,30-40,No,Travel_Rarely,132,Research & Development,6,3,Life Sciences,1,97,2,Female,55,4,1,Laboratory Technician,4,Married,3038,Medium,22002,3,Y,No,12,3,2,80,0,5,3,3,1,<2,0,0,0
EMP0076,31,30-40,No,Travel_Rarely,746,Research & Development,8,4,Life Sciences,1,98,3,Female,61,3,2,Manufacturing Director,4,Single,4424,Medium,20682,1,Y,No,23,4,4,80,0,11,2,3,11,10+,7,1,8
EMP0077,35,30-40,No,Travel_Rarely,776,Sales,1,4,Marketing,1,100,3,Male,32,2,2,Sales Executive,1,Single,4312,Medium,23016,0,Y,No,14,3,2,80,0,16,2,3,15,10+,13,2,8
EMP0078,45,40+,No,Travel_Rarely,193,Research & Development,6,4,Other,1,101,4,Male,52,3,3,Research Director,1,Married,13245,High,15067,4,Y,Yes,14,3,2,80,0,17,3,4,0,<2,0,0,0
EMP0079,37,30-40,No,Travel_Rarely,397,Research & Development,7,4,Medical,1,102,1,Male,30,3,3,Research Director,3,Single,13664,High,25258,4,Y,No,13,3,1,80,0,16,3,4,5,2-5,2,0,2
EMP0080,46,40+,No,Travel_Rarely,945,Human Resources,5,2,Medical,1,103,2,Male,80,3,2,Human Resources,2,Divorced,5021,Medium,10425,8,Y,Yes,22,4,4,80,1,16,2,3,4,2-5,2,0,2
EMP0081,30,30-40,No,Travel_Rarely,852,Research & Development,1,1,Life Sciences,1,104,4,Male,55,2,2,Laboratory Technician,4,Married,5126,Medium,15998,1,Y,Yes,12,3,3,80,2,10,1,2,10,5-10,8,3,0
EMP0082,35,30-40,No,Travel_Rarely,1214,Research & Development,1,3,Medical,1,105,2,Male,30,2,1,Research Scientist,3,Single,2859,Low,26278,1,Y,No,18,3,1,80,0,6,3,3,6,5-10,4,0,4
EMP0083,55,40+,No,Travel_Rarely,111,Sales,1,2,Life Sciences,1,106,1,Male,70,3,3,Sales Executive,4,Married,10239,High,18092,3,Y,No,14,3,4,80,1,24,4,3,1,<2,0,1,0
EMP0084,38,30-40,No,Non-Travel,573,Research & Development,6,3,Medical,1,107,2,Female,79,1,2,Research Scientist,4,Divorced,5329,Medium,15717,7,Y,Yes,12,3,4,80,3,17,3,3,13,10+,11,1,9
EMP0085,34,30-40,No,Travel_Rarely,1153,Research & Development,1,2,Medical,1,110,1,Male,94,3,2,Manufacturing Director,2,Married,4325,Medium,17736,1,Y,No,15,3,3,80,0,5,2,3,5,2-5,2,1,3
EMP0086,56,40+,No,Travel_Rarely,1400,Research & Development,7,3,Life Sciences,1,112,4,Male,49,1,3,Manufacturing Director,4,Single,7260,High,21698,4,Y,No,11,3,1,80,0,37,3,2,6,5-10,4,0,2
EMP0087,23,Under 30,No,Travel_Rarely,541,Sales,2,1,Technical Degree,1,113,3,Male,62,3,1,Sales Representative,1,Divorced,2322,Low,9518,3,Y,No,13,3,3,80,1,3,3,3,0,<2,0,0,0
EMP0088,51,40+,No,Travel_Rarely,432,Research & Development,9,4,Life Sciences,1,116,4,Male,96,3,1,Laboratory Technician,4,Married,2075,Low,18725,3,Y,No,23,4,2,80,2,10,4,3,4,2-5,2,0,3
EMP0089,30,30-40,No,Travel_Rarely,288,Research & Development,2,3,Life Sciences,1,117,3,Male,99,2,2,Healthcare Representative,4,Married,4152,Medium,15830,1,Y,No,19,3,1,80,3,11,3,3,11,10+,10,10,8
EMP0090,46,40+,Yes,Travel_Rarely,669,Sales,9,2,Medical,1,118,3,Male,64,2,3,Sales Executive,4,Single,9619,High,13596,1,Y,No,16,3,4,80,0,9,3,3,9,5-10,8,4,7
EMP0091,40,30-40,No,Travel_Frequently,530,Research & Development,1,4,Life Sciences,1,119,3,Male,78,2,4,Healthcare Representative,2,Married,13503,High,14115,1,Y,No,22,4,4,80,1,22,3,2,22,10+,3,11,11
EMP0092,51,40+,No,Travel_Rarely,632,Sales,21,4,Marketing,1,120,3,Male,71,3,2,Sales Executive,4,Single,5441,Medium,8423,0,Y,Yes,22,4,4,80,0,11,2,1,10,5-10,7,1,0
EMP0093,30,30-40,No,Travel_Rarely,1334,Sales,4,2,Medical,1,121,3,Female,63,2,2,Sales Executive,2,Divorced,5209,Medium,19760,1,Y,Yes,12,3,2,80,3,11,4,2,11,10+,8,2,7
EMP0094,46,40+,No,Travel_Frequently,638,Research & Development,1,3,Medical,1,124,3,Male,40,2,3,Healthcare Representative,1,Married,10673,High,3142,2,Y,Yes,13,3,3,80,1,21,5,2,10,5-10,9,9,5
EMP0095,32,30-40,No,Travel_Rarely,1093,Sales,6,4,Medical,1,125,2,Male,87,3,2,Sales Executive,3,Single,5010,Medium,24301,1,Y,No,16,3,1,80,0,12,0,3,11,10+,8,5,7
EMP0096,54,40+,No,Travel_Rarely,1217,Research & Development,2,4,Technical Degree,1,126,1,Female,60,3,3,Research Director,3,Married,13549,High,24001,9,Y,No,12,3,1,80,1,16,5,1,4,2-5,3,0,3
EMP0097,24,Under 30,No,Travel_Rarely,1353,Sales,3,2,Other,1,128,1,Female,33,3,2,Sales Executive,3,Married,4999,Medium,17519,0,Y,No,21,4,1,80,1,4,2,2,3,2-5,2,0,2
EMP0098,28,Under 30,No,Non-Travel,120,Sales,4,3,Medical,1,129,2,Male,43,3,2,Sales Executive,3,Married,4221,Medium,8863,1,Y,No,15,3,2,80,0,5,3,4,5,2-5,4,0,4
EMP0099,58,40+,No,Travel_Rarely,682,Sales,10,4,Medical,1,131,4,Male,37,3,4,Sales Executive,3,Single,13872,High,24409,0,Y,No,13,3,3,80,0,38,1,2,37,10+,10,1,8
EMP0100,44,40+,No,Non-Travel,489,Research & Development,23,3,Medical,1,132,2,Male,67,3,2,Laboratory Technician,2,Married,2042,Low,25043,4,Y,No,12,3,3,80,1,17,3,4,3,2-5,2,1,2
EMP0101,37,30-40,Yes,Travel_Rarely,807,Human Resources,6,4,Human Resources,1,133,3,Male,63,3,1,Human Resources,1,Divorced,2073,Low,23648,4,Y,Yes,22,4,4,80,0,7,3,3,3,2-5,2,0,2
EMP0102,32,30-40,No,Travel_Rarely,827,Research & Development,1,1,Life Sciences,1,134,4,Male,71,3,1,Research Scientist,1,Single,2956,Low,15178,1,Y,No,13,3,4,80,0,1,2,3,1,<2,0,0,0
EMP0103,20,Under 30,Yes,Travel_Frequently,871,Research & Development,6,3,Life Sciences,1,137,4,Female,66,2,1,Laboratory Technician,4,Single,2926,Low,19783,1,Y,Yes,18,3,2,80,0,1,5,3,1,<2,0,1,0
EMP0104,34,30-40,No,Travel_Rarely,665,Research & Development,6,4,Other,1,138,1,Female,41,3,2,Research Scientist,3,Single,4809,Medium,12482,1,Y,No,14,3,3,80,0,16,3,3,16,10+,13,2,10
EMP0105,37,30-40,No,Non-Travel,1040,Research & Development,2,2,Life Sciences,1,139,3,Male,100,2,2,Healthcare Representative,4,Divorced,5163,Medium,15850,5,Y,No,14,3,4,80,1,17,2,4,1,<2,0,0,0
EMP0106,59,40+,No,Non-Travel,1420,Human Resources,2,4,Human Resources,1,140,3,Female,32,2,5,Manager,4,Married,18844,High,21922,9,Y,No,21,4,4,80,1,30,3,3,3,2-5,2,2,2
EMP0107,50,40+,No,Travel_Frequently,1115,Research & Development,1,3,Life Sciences,1,141,1,Female,73,3,5,Research Director,2,Married,18172,High,9755,3,Y,Yes,19,3,1,80,0,28,1,2,8,5-10,3,0,7
EMP0108,25,Under 30,Yes,Travel_Rarely,240,Sales,5,3,Marketing,1,142,3,Male,46,2,2,Sales Executive,3,Single,5744,Medium,26959,1,Y,Yes,11,3,4,80,0,6,1,3,6,5-10,4,0,3
EMP0109,25,Under 30,No,Travel_Rarely,1280,Research & Development,7,1,Medical,1,143,4,Male,64,2,1,Research Scientist,4,Married,2889,Low,26897,1,Y,No,11,3,3,80,2,2,2,3,2,2-5,2,2,1
EMP0110,22,Under 30,No,Travel_Rarely,534,Research & Development,15,3,Medical,1,144,2,Female,59,3,1,Laboratory Technician,4,Single,2871,Low,23785,1,Y,No,15,3,3,80,0,1,5,3,0,<2,0,0,0
EMP0111,51,40+,No,Travel_Frequently,1456,Research & Development,1,4,Medical,1,145,1,Female,30,2,3,Healthcare Representative,1,Single,7484,High,25796,3,Y,No,20,4,3,80,0,23,1,2,13,10+,12,12,8
EMP0112,34,30-40,Yes,Travel_Frequently,658,Research & Development,7,3,Life Sciences,1,147,1,Male,66,1,2,Laboratory Technician,3,Single,6074,Medium,22887,1,Y,Yes,24,4,4,80,0,9,3,3,9,5-10,7,0,6
EMP0113,54,40+,No,Non-Travel,142,Human Resources,26,3,Human Resources,1,148,4,Female,30,4,4,Manager,4,Single,17328,High,13871,2,Y,Yes,12,3,3,80,0,23,3,3,5,2-5,3,4,4
EMP0114,24,Under 30,No,Travel_Rarely,1127,Research & Development,18,1,Life Sciences,1,150,2,Male,52,3,1,Laboratory Technician,3,Married,2774,Low,13257,0,Y,No,12,3,3,80,1,6,2,3,5,2-5,3,1,2
EMP0115,34,30-40,No,Travel_Rarely,1031,Research & Development,6,4,Life Sciences,1,151,3,Female,45,2,2,Research Scientist,2,Divorced,4505,Medium,15000,6,Y,No,15,3,3,80,1,12,3,3,1,<2,0,0,0
EMP0116,37,30-40,No,Travel_Rarely,1189,Sales,3,3,Life Sciences,1,152,3,Male,87,3,3,Sales Executive,4,Single,7428,High,14506,2,Y,No,12,3,1,80,0,12,3,3,5,2-5,3,1,3
EMP0117,34,30-40,No,Travel_Rarely,1354,Research & Development,5,3,Medical,1,153,3,Female,45,2,3,Manager,1,Single,11631,High,5615,2,Y,No,12,3,4,80,0,14,6,3,11,10+,10,5,8
EMP0118,36,30-40,No,Travel_Frequently,1467,Sales,11,2,Technical Degree,1,154,2,Female,92,3,3,Sales Executive,4,Married,9738,High,22952,0,Y,No,14,3,3,80,1,10,6,3,9,5-10,7,2,8
EMP0119,36,30-40,No,Travel_Rarely,922,Research & Development,3,2,Life Sciences,1,155,1,Female,39,3,1,Laboratory Technician,4,Divorced,2835,Low,2561,5,Y,No,22,4,1,80,1,7,2,3,1,<2,0,0,0
EMP0120,43,40+,No,Travel_Frequently,394,Sales,26,2,Life Sciences,1,158,3,Male,92,3,4,Manager,4,Married,16959,High,19494,1,Y,Yes,12,3,4,80,2,25,3,4,25,10+,12,4,12
EMP0121,30,30-40,No,Travel_Frequently,1312,Research & Development,23,3,Life Sciences,1,159,1,Male,96,1,1,Research Scientist,3,Divorced,2613,Low,22310,1,Y,No,25,4,3,80,3,10,2,2,10,5-10,7,0,9
EMP0122,33,30-40,No,Non-Travel,750,Sales,22,2,Marketing,1,160,3,Male,95,3,2,Sales Executive,2,Married,6146,Medium,15480,0,Y,No,13,3,1,80,1,8,2,4,7,5-10,7,0,7
EMP0123,56,40+,Yes,Travel_Rarely,441,Research & Development,14,4,Life Sciences,1,161,2,Female,72,3,1,Research Scientist,2,Married,4963,Medium,4510,9,Y,Yes,18,3,1,80,3,7,2,3,5,2-5,4,4,3
EMP0124,51,40+,No,Travel_Rarely,684,Research & Development,6,3,Life Sciences,1,162,1,Male,51,3,5,Research Director,3,Single,19537,High,6462,7,Y,No,13,3,3,80,0,23,5,3,20,10+,18,15,15
EMP0125,31,30-40,Yes,Travel_Rarely,249,Sales,6,4,Life Sciences,1,163,2,Male,76,1,2,Sales Executive,3,Married,6172,Medium,20739,4,Y,Yes,18,3,2,80,0,12,3,2,7,5-10,7,7,7
EMP0126,26,Under 30,No,Travel_Rarely,841,Research & Development,6,3,Other,1,164,3,Female,46,2,1,Research Scientist,2,Married,2368,Low,23300,1,Y,No,19,3,3,80,0,5,3,2,5,2-5,4,4,3
EMP0127,58,40+,Yes,Travel_Rarely,147,Research & Development,23,4,Medical,1,165,4,Female,94,3,3,Healthcare Representative,4,Married,10312,High,3465,1,Y,No,12,3,4,80,1,40,3,2,40,10+,10,15,6
EMP0128,19,Under 30,Yes,Travel_Rarely,528,Sales,22,1,Marketing,1,167,4,Male,50,3,1,Sales Representative,3,Single,1675,Low,26820,1,Y,Yes,19,3,4,80,0,0,2,2,0,<2,0,0,0
EMP0129,22,Under 30,No,Travel_Rarely,594,Research & Development,2,1,Technical Degree,1,169,3,Male,100,3,1,Laboratory Technician,4,Married,2523,Low,19299,0,Y,No,14,3,3,80,1,3,2,3,2,2-5,1,2,1
EMP0130,49,40+,No,Travel_Rarely,470,Research & Development,20,4,Medical,1,170,3,Female,96,3,2,Manufacturing Director,1,Married,6567,Medium,5549,1,Y,No,14,3,3,80,0,16,2,2,15,10+,11,5,11
EMP0131,43,40+,No,Travel_Frequently,957,Research & Development,28,3,Medical,1,171,2,Female,72,4,1,Research Scientist,3,Single,4739,Medium,16090,4,Y,No,12,3,4,80,0,18,2,3,3,2-5,2,1,2
EMP0132,50,40+,No,Travel_Frequently,809,Sales,12,3,Marketing,1,174,3,Female,77,3,3,Sales Executive,4,Single,9208,High,6645,4,Y,No,11,3,4,80,0,16,3,3,2,2-5,2,2,1
EMP0133,31,30-40,Yes,Travel_Rarely,542,Sales,20,3,Life Sciences,1,175,2,Female,71,1,2,Sales Executive,3,Married,4559,Medium,24788,3,Y,Yes,11,3,3,80,1,4,2,3,2,2-5,2,2,2
EMP0134,41,40+,No,Travel_Rarely,802,Sales,9,1,Life Sciences,1,176,3,Male,96,3,3,Sales Executive,3,Divorced,8189,High,21196,3,Y,Yes,13,3,3,80,1,12,2,3,9,5-10,7,0,7
EMP0135,26,Under 30,No,Travel_Rarely,1355,Human Resources,25,1,Life Sciences,1,177,3,Female,61,3,1,Human Resources,3,Married,2942,Low,8916,1,Y,No,23,4,4,80,1,8,3,3,8,5-10,7,5,7
EMP0136,36,30-40,No,Travel_Rarely,216,Research & Development,6,2,Medical,1,178,2,Male,84,3,2,Manufacturing Director,2,Divorced,4941,Medium,2819,6,Y,No,20,4,4,80,2,7,0,3,3,2-5,2,0,1
EMP0137,51,40+,Yes,Travel_Frequently,1150,Research & Development,8,4,Life Sciences,1,179,1,Male,53,1,3,Manufacturing Director,4,Single,10650,High,25150,2,Y,No,15,3,4,80,0,18,2,3,4,2-5,2,0,3
EMP0138,39,30-40,No,Travel_Rarely,1329,Sales,4,4,Life Sciences,1,182,4,Female,47,2,2,Sales Executive,3,Married,5902,Medium,14590,4,Y,No,14,3,3,80,1,17,1,4,15,10+,11,5,9
EMP0139,25,Under 30,No,Travel_Rarely,959,Sales,28,3,Life Sciences,1,183,1,Male,41,2,2,Sales Executive,3,Married,8639,High,24835,2,Y,No,18,3,4,80,0,6,3,3,2,2-5,2,2,2
EMP0140,30,30-40,No,Travel_Rarely,1240,Human Resources,9,3,Human Resources,1,184,3,Male,48,3,2,Human Resources,4,Married,6347,Medium,13982,0,Y,Yes,19,3,4,80,0,12,2,1,11,10+,9,4,7
EMP0141,32,30-40,Yes,Travel_Rarely,1033,Research & Development,9,3,Medical,1,190,1,Female,41,3,1,Laboratory Technician,1,Single,4200,Medium,10224,7,Y,No,22,4,1,80,0,10,2,4,5,2-5,4,0,4
EMP0142,45,40+,No,Travel_Rarely,1316,Research & Development,29,3,Medical,1,192,3,Male,83,3,1,Research Scientist,4,Single,3452,Medium,9752,5,Y,No,13,3,2,80,0,9,2,2,6,5-10,5,0,3
EMP0143,38,30-40,No,Travel_Rarely,364,Research & Development,3,5,Technical Degree,1,193,4,Female,32,3,2,Research Scientist,3,Single,4317,Medium,2302,3,Y,Yes,20,4,2,80,0,19,2,3,3,2-5,2,2,2
EMP0144,30,30-40,No,Travel_Rarely,438,Research & Development,18,3,Life Sciences,1,194,1,Female,75,3,1,Research Scientist,3,Single,2632,Low,23910,1,Y,No,14,3,3,80,0,5,4,2,5,2-5,4,0,4
EMP0145,32,30-40,No,Travel_Frequently,689,Sales,9,2,Medical,1,195,4,Male,35,1,2,Sales Executive,4,Divorced,4668,Medium,22812,0,Y,No,17,3,4,80,3,9,2,4,8,5-10,7,0,7
EMP0146,30,30-40,No,Travel_Rarely,201,Research & Development,5,3,Technical Degree,1,197,4,Female,84,3,1,Research Scientist,1,Divorced,3204,Medium,10415,5,Y,No,14,3,4,80,1,8,3,3,3,2-5,2,2,2
EMP0147,30,30-40,No,Travel_Rarely,1427,Research & Development,2,1,Medical,1,198,2,Male,35,2,1,Laboratory Technician,4,Single,2720,Low,11162,0,Y,No,13,3,4,80,0,6,3,3,5,2-5,3,1,2
EMP0148,41,40+,No,Travel_Frequently,857,Research & Development,10,3,Life Sciences,1,199,4,Male,91,2,4,Manager,1,Divorced,17181,High,12888,4,Y,No,13,3,2,80,1,21,2,2,7,5-10,6,7,7
EMP0149,41,40+,No,Travel_Rarely,933,Research & Development,9,4,Life Sciences,1,200,3,Male,94,3,1,Laboratory Technician,1,Married,2238,Low,6961,2,Y,No,21,4,4,80,1,7,2,3,5,2-5,0,1,4
EMP0150,19,Under 30,No,Travel_Rarely,1181,Research & Development,3,1,Medical,1,201,2,Female,79,3,1,Laboratory Technician,2,Single,1483,Low,16102,1,Y,No,14,3,4,80,0,1,3,3,1,<2,0,0,0
EMP0151,40,30-40,No,Travel_Frequently,1395,Research & Development,26,3,Medical,1,202,2,Female,54,3,2,Research Scientist,2,Divorced,5605,Medium,8504,1,Y,No,11,3,1,80,1,20,2,3,20,10+,7,2,13
EMP0152,35,30-40,No,Travel_Rarely,662,Sales,1,5,Marketing,1,204,3,Male,94,3,3,Sales Executive,2,Married,7295,High,11439,1,Y,No,13,3,1,80,2,10,3,3,10,5-10,8,0,6
EMP0153,53,40+,No,Travel_Rarely,1436,Sales,6,2,Marketing,1,205,2,Male,34,3,2,Sales Representative,3,Married,2306,Low,16047,2,Y,Yes,20,4,4,80,1,13,3,1,7,5-10,7,4,5
EMP0154,45,40+,No,Travel_Rarely,194,Research & Development,9,3,Life Sciences,1,206,2,Male,60,3,2,Laboratory Technician,2,Divorced,2348,Low,10901,8,Y,No,18,3,3,80,1,20,2,1,17,10+,9,0,15
EMP0155,32,30-40,No,Travel_Frequently,967,Sales,8,3,Marketing,1,207,2,Female,43,3,3,Sales Executive,4,Single,8998,High,15589,1,Y,No,14,3,4,80,0,9,2,3,9,5-10,8,3,7
EMP0156,29,Under 30,No,Non-Travel,1496,Research & Development,1,1,Technical Degree,1,208,4,Male,41,3,2,Manufacturing Director,3,Married,4319,Medium,26283,1,Y,No,13,3,1,80,1,10,1,3,10,5-10,7,0,9
EMP0157,51,40+,No,Travel_Rarely,1169,Research & Development,7,4,Medical,1,211,2,Male,34,2,2,Manufacturing Director,3,Married,6132,Medium,13983,2,Y,No,17,3,3,80,0,10,2,3,1,<2,0,0,0
EMP0158,58,40+,No,Travel_Rarely,1145,Research & Development,9,3,Medical,1,214,2,Female,75,2,1,Research Scientist,2,Married,3346,Medium,11873,4,Y,Yes,20,4,2,80,1,9,3,2,1,<2,0,0,0
EMP0159,40,30-40,No,Travel_Rarely,630,Sales,4,4,Marketing,1,215,3,Male,67,2,3,Sales Executive,4,Married,10855,High,8552,7,Y,No,11,3,1,80,1,15,2,2,12,10+,11,2,11
EMP0160,34,30-40,No,Travel_Frequently,303,Sales,2,4,Marketing,1,216,3,Female,75,3,1,Sales Representative,3,Married,2231,Low,11314,6,Y,No,18,3,4,80,1,6,3,3,4,2-5,3,1,2
EMP0161,22,Under 30,No,Travel_Rarely,1256,Research & Development,19,1,Medical,1,217,3,Male,80,3,1,Research Scientist,4,Married,2323,Low,11992,1,Y,No,24,4,1,80,2,2,6,3,2,2-5,2,2,2
EMP0162,27,Under 30,No,Non-Travel,691,Research & Development,9,3,Medical,1,218,4,Male,57,3,1,Research Scientist,2,Divorced,2024,Low,5970,6,Y,No,18,3,4,80,1,6,1,1,2,2-5,2,2,2
EMP0163,28,Under 30,No,Travel_Rarely,440,Research & Development,21,3,Medical,1,221,3,Male,42,3,1,Research Scientist,4,Married,2713,Low,6672,1,Y,No,11,3,3,80,1,5,2,1,5,2-5,2,0,2
EMP0164,57,40+,No,Travel_Rarely,334,Research & Development,24,2,Life Sciences,1,223,3,Male,83,4,3,Healthcare Representative,4,Divorced,9439,High,23402,3,Y,Yes,16,3,2,80,1,12,2,1,5,2-5,3,1,4
EMP0165,27,Under 30,No,Non-Travel,1450,Research & Development,3,3,Medical,1,224,3,Male,79,2,1,Research Scientist,3,Divorced,2566,Low,25326,1,Y,Yes,15,3,4,80,1,1,2,2,1,<2,1,0,1
EMP0166,50,40+,No,Travel_Rarely,1452,Research & Development,11,3,Life Sciences,1,226,3,Female,53,3,5,Manager,2,Single,19926,High,17053,3,Y,No,15,3,2,80,0,21,5,3,5,2-5,4,4,4
EMP0167,41,40+,No,Travel_Rarely,465,Research & Development,14,3,Life Sciences,1,227,1,Male,56,3,1,Research Scientist,3,Divorced,2451,Low,4609,4,Y,No,12,3,1,80,1,13,2,3,9,5-10,8,1,8
EMP0168,30,30-40,No,Travel_Rarely,1339,Sales,5,3,Life Sciences,1,228,2,Female,41,3,3,Sales Executive,4,Married,9419,High,8053,2,Y,No,12,3,3,80,1,12,2,3,10,5-10,9,7,4
EMP0169,38,30-40,No,Travel_Rarely,702,Sales,1,4,Life Sciences,1,230,1,Female,59,2,2,Sales Executive,4,Single,8686,High,12930,4,Y,No,22,4,3,80,0,12,2,4,8,5-10,3,0,7
EMP0170,32,30-40,No,Travel_Rarely,120,Research & Development,6,5,Life Sciences,1,231,3,Male,43,3,1,Research Scientist,3,Single,3038,Medium,12430,3,Y,No,20,4,1,80,0,8,2,3,5,2-5,4,1,4
EMP0171,27,Under 30,No,Travel_Rarely,1157,Research & Development,17,3,Technical Degree,1,233,3,Male,51,3,1,Research Scientist,2,Married,3058,Medium,13364,0,Y,Yes,16,3,4,80,1,6,3,2,5,2-5,2,1,1
EMP0172,19,Under 30,Yes,Travel_Frequently,602,Sales,1,1,Technical Degree,1,235,3,Female,100,1,1,Sales Representative,1,Single,2325,Low,20989,0,Y,No,21,4,1,80,0,1,5,4,0,<2,0,0,0
EMP0173,36,30-40,No,Travel_Frequently,1480,Research & Development,3,2,Medical,1,238,4,Male,30,3,1,Laboratory Technician,2,Single,2088,Low,15062,4,Y,No,12,3,3,80,0,13,3,2,8,5-10,7,7,2
EMP0174,30,30-40,No,Non-Travel,111,Research & Development,9,3,Medical,1,239,3,Male,66,3,2,Laboratory Technician,1,Divorced,3072,Medium,11012,1,Y,No,11,3,3,80,2,12,4,3,12,10+,9,6,10
EMP0175,45,40+,No,Travel_Rarely,1268,Sales,4,2,Life Sciences,1,240,3,Female,30,3,2,Sales Executive,1,Divorced,5006,Medium,6319,4,Y,Yes,11,3,1,80,1,9,3,4,5,2-5,4,0,3
EMP0176,56,40+,No,Travel_Rarely,713,Research & Development,8,3,Life Sciences,1,241,3,Female,67,3,1,Research Scientist,1,Divorced,4257,Medium,13939,4,Y,Yes,18,3,3,80,1,19,3,3,2,2-5,2,2,2
EMP0177,33,30-40,No,Travel_Rarely,134,Research & Development,2,3,Life Sciences,1,242,3,Male,90,3,1,Research Scientist,4,Single,2500,Low,10515,0,Y,No,14,3,1,80,0,4,2,4,3,2-5,1,0,2
EMP0178,19,Under 30,Yes,Travel_Rarely,303,Research & Development,2,3,Life Sciences,1,243,2,Male,47,2,1,Laboratory Technician,4,Single,1102,Low,9241,1,Y,No,22,4,3,80,0,1,3,2,1,<2,0,1,0
EMP0179,46,40+,No,Travel_Rarely,526,Sales,1,2,Marketing,1,244,2,Female,92,3,3,Sales Executive,1,Divorced,10453,High,2137,1,Y,No,25,4,3,80,3,24,2,3,24,10+,13,15,7
EMP0180,38,30-40,No,Travel_Rarely,1380,Research & Development,9,2,Life Sciences,1,245,3,Female,75,3,1,Laboratory Technician,4,Single,2288,Low,6319,1,Y,No,12,3,3,80,0,2,3,3,2,2-5,2,2,1
EMP0181,31,30-40,No,Travel_Rarely,140,Research & Development,12,1,Medical,1,246,3,Female,95,3,1,Research Scientist,4,Married,3929,Medium,6984,8,Y,Yes,23,4,3,80,1,7,0,3,4,2-5,2,0,2
EMP0182,34,30-40,No,Travel_Rarely,629,Research & Development,27,2,Medical,1,247,4,Female,95,3,1,Research Scientist,2,Single,2311,Low,5711,2,Y,No,15,3,4,80,0,9,3,3,3,2-5,2,1,2
EMP0183,41,40+,Yes,Travel_Rarely,1356,Sales,20,2,Marketing,1,248,2,Female,70,3,1,Sales Representative,2,Single,3140,Medium,21728,1,Y,Yes,22,4,4,80,0,4,5,2,4,2-5,3,0,2
EMP0184,50,40+,No,Travel_Rarely,328,Research & Development,1,3,Medical,1,249,3,Male,86,2,1,Laboratory Technician,3,Married,3690,Medium,3425,2,Y,No,15,3,4,80,1,5,2,2,3,2-5,2,0,2
EMP0185,53,40+,No,Travel_Rarely,1084,Research & Development,13,2,Medical,1,250,4,Female,57,4,2,Manufacturing Director,1,Divorced,4450,Medium,26250,1,Y,No,11,3,3,80,2,5,3,3,4,2-5,2,1,3
EMP0186,33,30-40,No,Travel_Rarely,931,Research & Development,14,3,Medical,1,252,4,Female,72,3,1,Research Scientist,2,Married,2756,Low,4673,1,Y,No,13,3,4,80,1,8,5,3,8,5-10,7,1,6
EMP0187,40,30-40,No,Travel_Rarely,989,Research & Development,4,1,Medical,1,253,4,Female,46,3,5,Manager,3,Married,19033,High,6499,1,Y,No,14,3,2,80,1,21,2,3,20,10+,8,9,9
EMP0188,55,40+,No,Travel_Rarely,692,Research & Development,14,4,Medical,1,254,3,Male,61,4,5,Research Director,2,Single,18722,High,13339,8,Y,No,11,3,4,80,0,36,3,3,24,10+,15,2,15
EMP0189,34,30-40,No,Travel_Frequently,1069,Research & Development,2,1,Life Sciences,1,256,4,Male,45,2,2,Manufacturing Director,3,Married,9547,High,14074,1,Y,No,17,3,3,80,0,10,2,2,10,5-10,9,1,9
EMP0190,51,40+,No,Travel_Rarely,313,Research & Development,3,3,Medical,1,258,4,Female,98,3,4,Healthcare Representative,2,Single,13734,High,7192,3,Y,No,18,3,3,80,0,21,6,3,7,5-10,7,1,0
EMP0191,52,40+,No,Travel_Rarely,699,Research & Development,1,4,Life Sciences,1,259,3,Male,65,2,5,Manager,3,Married,19999,High,5678,0,Y,No,14,3,1,80,1,34,5,3,33,10+,18,11,9
EMP0192,27,Under 30,No,Travel_Rarely,894,Research & Development,9,3,Medical,1,260,4,Female,99,3,1,Research Scientist,2,Single,2279,Low,11781,1,Y,No,16,3,4,80,0,7,2,2,7,5-10,7,0,3
EMP0193,35,30-40,Yes,Travel_Rarely,556,Research & Development,23,2,Life Sciences,1,261,2,Male,50,2,2,Manufacturing Director,3,Married,5916,Medium,15497,3,Y,Yes,13,3,1,80,0,8,1,3,1,<2,0,0,1
EMP0194,43,40+,No,Non-Travel,1344,Research & Development,7,3,Medical,1,262,4,Male,37,4,1,Research Scientist,4,Divorced,2089,Low,5228,4,Y,No,14,3,4,80,3,7,3,4,5,2-5,4,2,2
EMP0195,45,40+,No,Non-Travel,1195,Research & Development,2,2,Medical,1,264,1,Male,65,2,4,Manager,4,Married,16792,High,20462,9,Y,No,23,4,4,80,1,22,1,3,20,10+,8,11,8
EMP0196,37,30-40,No,Travel_Rarely,290,Research & Development,21,3,Life Sciences,1,267,2,Male,65,4,1,Research Scientist,1,Married,3564,Medium,22977,1,Y,Yes,12,3,1,80,1,8,3,2,8,5-10,7,1,7
EMP0197,35,30-40,No,Travel_Frequently,138,Research & Development,2,3,Medical,1,269,2,Female,37,3,2,Laboratory Technician,2,Single,4425,Medium,15986,5,Y,No,11,3,4,80,0,10,5,3,6,5-10,2,1,2
EMP0198,42,40+,No,Non-Travel,926,Research & Development,21,2,Medical,1,270,3,Female,36,3,2,Manufacturing Director,3,Divorced,5265,Medium,16439,2,Y,No,16,3,2,80,1,11,5,3,5,2-5,3,0,2
EMP0199,38,30-40,No,Travel_Rarely,1261,Research & Development,2,4,Life Sciences,1,271,4,Male,88,3,2,Manufacturing Director,3,Married,6553,Medium,7259,9,Y,No,14,3,2,80,0,14,3,3,1,<2,0,0,0
EMP0200,38,30-40,No,Travel_Rarely,1084,Research & Development,29,3,Technical Degree,1,273,4,Male,54,3,2,Manufacturing Director,4,Married,6261,Medium,4185,3,Y,No,18,3,1,80,1,9,3,1,7,5-10,7,1,7
EMP0201,27,Under 30,No,Travel_Frequently,472,Research & Development,1,1,Technical Degree,1,274,3,Male,60,2,2,Manufacturing Director,1,Married,4298,Medium,9679,5,Y,No,19,3,3,80,1,6,1,3,2,2-5,2,2,0
EMP0202,49,40+,No,Non-Travel,1002,Research & Development,18,4,Life Sciences,1,275,4,Male,92,3,2,Manufacturing Director,4,Divorced,6804,Medium,23793,1,Y,Yes,15,3,1,80,2,7,0,3,7,5-10,7,1,7
EMP0203,34,30-40,No,Travel_Frequently,878,Research & Development,10,4,Medical,1,277,4,Male,43,3,1,Research Scientist,3,Divorced,3815,Medium,5972,1,Y,Yes,17,3,4,80,1,5,4,4,5,2-5,3,2,0
EMP0204,40,30-40,No,Travel_Rarely,905,Research & Development,19,2,Medical,1,281,3,Male,99,3,2,Laboratory Technician,4,Married,2741,Low,16523,8,Y,Yes,15,3,3,80,1,15,2,4,7,5-10,2,3,7
EMP0205,38,30-40,Yes,Travel_Rarely,1180,Research & Development,29,1,Medical,1,282,2,Male,70,3,2,Healthcare Representative,1,Married,6673,Medium,11354,7,Y,Yes,19,3,2,80,0,17,2,3,1,<2,0,0,0
EMP0206,29,Under 30,Yes,Travel_Rarely,121,Sales,27,3,Marketing,1,283,2,Female,35,3,3,Sales Executive,4,Married,7639,High,24525,1,Y,No,22,4,4,80,3,10,3,2,10,5-10,4,1,9
EMP0207,22,Under 30,No,Travel_Rarely,1136,Research & Development,5,3,Life Sciences,1,284,4,Male,60,4,1,Research Scientist,2,Divorced,2328,Low,12392,1,Y,Yes,16,3,1,80,1,4,2,2,4,2-5,2,2,2
EMP0208,36,30-40,No,Travel_Frequently,635,Research & Development,18,1,Medical,1,286,2,Female,73,3,1,Laboratory Technician,4,Single,2153,Low,7703,1,Y,No,13,3,1,80,0,8,2,3,8,5-10,1,1,7
EMP0209,40,30-40,No,Non-Travel,1151,Research & Development,9,5,Life Sciences,1,287,4,Male,63,2,2,Healthcare Representative,4,Married,4876,Medium,14242,9,Y,No,14,3,4,80,1,5,5,1,3,2-5,2,0,2
EMP0210,46,40+,No,Travel_Rarely,644,Research & Development,1,4,Medical,1,288,4,Male,97,3,3,Healthcare Representative,1,Divorced,9396,High,12368,7,Y,No,16,3,3,80,1,17,3,3,4,2-5,2,0,3
EMP0211,32,30-40,Yes,Travel_Rarely,1045,Sales,4,4,Medical,1,291,4,Male,32,1,3,Sales Executive,4,Married,10400,High,25812,1,Y,No,11,3,3,80,0,14,2,2,14,10+,8,9,8
EMP0212,30,30-40,No,Non-Travel,829,Research & Development,1,1,Life Sciences,1,292,3,Male,88,2,3,Manufacturing Director,3,Single,8474,High,20925,1,Y,No,22,4,3,80,0,12,2,3,11,10+,8,5,8
EMP0213,27,Under 30,No,Travel_Frequently,1242,Sales,20,3,Life Sciences,1,293,4,Female,90,3,2,Sales Executive,3,Single,9981,High,12916,1,Y,No,14,3,4,80,0,7,2,3,7,5-10,7,0,7
EMP0214,51,40+,No,Travel_Rarely,1469,Research & Development,8,4,Life Sciences,1,296,2,Male,81,2,3,Research Director,2,Married,12490,High,15736,5,Y,No,16,3,4,80,2,16,5,1,10,5-10,9,4,7
EMP0215,30,30-40,Yes,Travel_Rarely,1005,Research & Development,3,3,Technical Degree,1,297,4,Female,88,3,1,Research Scientist,1,Single,2657,Low,8556,5,Y,Yes,11,3,3,80,0,8,5,3,5,2-5,2,0,4
EMP0216,41,40+,No,Travel_Rarely,896,Sales,6,3,Life Sciences,1,298,4,Female,75,3,3,Manager,4,Single,13591,High,14674,3,Y,Yes,18,3,3,80,0,16,3,3,1,<2,0,0,0
EMP0217,30,30-40,Yes,Travel_Frequently,334,Sales,26,4,Marketing,1,299,3,Female,52,2,2,Sales Executive,1,Single,6696,Medium,22967,5,Y,No,15,3,3,80,0,9,5,2,6,5-10,3,0,1
EMP0218,29,Under 30,Yes,Travel_Rarely,992,Research & Development,1,3,Technical Degree,1,300,3,Male,85,3,1,Research Scientist,3,Single,2058,Low,19757,0,Y,No,14,3,4,80,0,7,1,2,6,5-10,2,1,5
EMP0219,45,40+,No,Non-Travel,1052,Sales,6,3,Medical,1,302,4,Female,57,2,3,Sales Executive,4,Single,8865,High,16840,6,Y,No,12,3,4,80,0,23,2,3,19,10+,7,12,8
EMP0220,54,40+,No,Travel_Rarely,1147,Sales,3,3,Marketing,1,303,4,Female,52,3,2,Sales Executive,1,Married,5940,Medium,17011,2,Y,No,14,3,4,80,1,16,4,3,6,5-10,2,0,5
EMP0221,36,30-40,No,Travel_Rarely,1396,Research & Development,5,2,Life Sciences,1,304,4,Male,62,3,2,Laboratory Technician,2,Single,5914,Medium,9945,8,Y,No,16,3,4,80,0,16,3,4,13,10+,11,3,7
EMP0222,33,30-40,No,Travel_Rarely,147,Research & Development,4,4,Medical,1,305,3,Female,47,2,1,Research Scientist,2,Married,2622,Low,13248,6,Y,No,21,4,4,80,0,7,3,3,3,2-5,2,1,1
EMP0223,37,30-40,No,Travel_Frequently,663,Research & Development,11,3,Other,1,306,2,Male,47,3,3,Research Director,4,Divorced,12185,High,10056,1,Y,Yes,14,3,3,80,3,10,1,3,10,5-10,8,0,7
EMP0224,38,30-40,No,Travel_Rarely,119,Sales,3,3,Life Sciences,1,307,1,Male,76,3,3,Sales Executive,3,Divorced,10609,High,9647,0,Y,No,12,3,3,80,2,17,6,2,16,10+,10,5,13
EMP0225,31,30-40,No,Non-Travel,979,Research & Development,1,4,Medical,1,308,3,Male,90,1,2,Manufacturing Director,3,Married,4345,Medium,4381,0,Y,No,12,3,4,80,1,6,2,3,5,2-5,4,1,4
EMP0226,59,40+,No,Travel_Rarely,142,Research & Development,3,3,Life Sciences,1,309,3,Male,70,2,1,Research Scientist,4,Married,2177,Low,8456,3,Y,No,17,3,1,80,1,7,6,3,1,<2,0,0,0
EMP0227,37,30-40,No,Travel_Frequently,319,Sales,4,4,Marketing,1,311,1,Male,41,3,1,Sales Representative,4,Divorced,2793,Low,2539,4,Y,No,17,3,3,80,1,13,2,3,9,5-10,8,5,8
EMP0228,29,Under 30,No,Travel_Frequently,1413,Sales,1,1,Medical,1,312,2,Female,42,3,3,Sales Executive,4,Married,7918,High,6599,1,Y,No,14,3,4,80,1,11,5,3,11,10+,10,4,1
EMP0229,35,30-40,No,Travel_Frequently,944,Sales,1,3,Marketing,1,314,3,Female,92,3,3,Sales Executive,3,Single,8789,High,9096,1,Y,No,14,3,1,80,0,10,3,4,10,5-10,7,0,8
EMP0230,29,Under 30,Yes,Travel_Rarely,896,Research & Development,18,1,Medical,1,315,3,Male,86,2,1,Research Scientist,4,Single,2389,Low,14961,1,Y,Yes,13,3,3,80,0,4,3,2,4,2-5,3,0,1
EMP0231,52,40+,No,Travel_Rarely,1323,Research & Development,2,3,Life Sciences,1,316,3,Female,89,2,1,Laboratory Technician,4,Single,3212,Medium,3300,7,Y,No,15,3,2,80,0,6,3,2,2,2-5,2,2,2
EMP0232,42,40+,No,Travel_Rarely,532,Research & Development,4,2,Technical Degree,1,319,3,Male,58,3,5,Manager,4,Married,19232,High,4933,1,Y,No,11,3,4,80,0,22,3,3,22,10+,17,11,15
EMP0233,59,40+,No,Travel_Rarely,818,Human Resources,6,2,Medical,1,321,2,Male,52,3,1,Human Resources,3,Married,2267,Low,25657,8,Y,No,17,3,4,80,0,7,2,2,2,2-5,2,2,2
EMP0234,50,40+,No,Travel_Rarely,854,Sales,1,4,Medical,1,323,4,Female,68,3,5,Manager,4,Divorced,19517,High,24118,3,Y,No,11,3,3,80,1,32,3,2,7,5-10,0,0,6
EMP0235,33,30-40,Yes,Travel_Rarely,813,Research & Development,14,3,Medical,1,325,3,Male,58,3,1,Laboratory Technician,4,Married,2436,Low,22149,5,Y,Yes,13,3,3,80,1,8,2,1,5,2-5,4,0,4
EMP0236,43,40+,No,Travel_Rarely,1034,Sales,16,3,Marketing,1,327,4,Female,80,3,4,Manager,4,Married,16064,High,7744,5,Y,Yes,22,4,3,80,1,22,3,3,17,10+,13,1,9
EMP0237,33,30-40,Yes,Travel_Rarely,465,Research & Development,2,2,Life Sciences,1,328,1,Female,39,3,1,Laboratory Technician,1,Married,2707,Low,21509,7,Y,No,20,4,1,80,0,13,3,4,9,5-10,7,1,7
EMP0238,52,40+,No,Non-Travel,771,Sales,2,4,Life Sciences,1,329,1,Male,79,2,5,Manager,3,Single,19068,High,21030,1,Y,Yes,18,3,4,80,0,33,2,4,33,10+,7,15,12
EMP0239,32,30-40,No,Travel_Rarely,1401,Sales,4,2,Life Sciences,1,330,3,Female,56,3,1,Sales Representative,2,Married,3931,Medium,20990,2,Y,No,11,3,1,80,1,6,5,3,4,2-5,3,1,2
EMP0240,32,30-40,Yes,Travel_Rarely,515,Research & Development,1,3,Life Sciences,1,331,4,Male,62,2,1,Laboratory Technician,3,Single,3730,Medium,9571,0,Y,Yes,14,3,4,80,0,4,2,1,3,2-5,2,1,2
EMP0241,39,30-40,No,Travel_Rarely,1431,Research & Development,1,4,Medical,1,332,3,Female,96,3,1,Laboratory Technician,3,Divorced,2232,Low,15417,7,Y,No,14,3,3,80,3,7,1,3,3,2-5,2,1,2
EMP0242,32,30-40,No,Non-Travel,976,Sales,26,4,Marketing,1,333,3,Male,100,3,2,Sales Executive,4,Married,4465,Medium,12069,0,Y,No,18,3,1,80,0,4,2,3,3,2-5,2,2,2
EMP0243,41,40+,No,Travel_Rarely,1411,Research & Development,19,2,Life Sciences,1,334,3,Male,36,3,2,Research Scientist,1,Divorced,3072,Medium,19877,2,Y,No,16,3,1,80,2,17,2,2,1,<2,0,0,0
EMP0244,40,30-40,No,Travel_Rarely,1300,Research & Development,24,2,Technical Degree,1,335,1,Male,62,3,2,Research Scientist,4,Divorced,3319,Medium,24447,1,Y,No,17,3,1,80,2,9,3,3,9,5-10,8,4,7
EMP0245,45,40+,No,Travel_Rarely,252,Research & Development,1,3,Other,1,336,3,Male,70,4,5,Manager,4,Married,19202,High,15970,0,Y,No,11,3,3,80,1,25,2,3,24,10+,0,1,7
EMP0246,31,30-40,No,Travel_Frequently,1327,Research & Development,3,4,Medical,1,337,2,Male,73,3,3,Research Director,3,Divorced,13675,High,13523,9,Y,No,12,3,1,80,1,9,3,3,2,2-5,2,2,2
EMP0247,33,30-40,No,Travel_Rarely,832,Research & Development,5,4,Life Sciences,1,338,3,Female,63,2,1,Research Scientist,4,Married,2911,Low,14776,1,Y,No,13,3,3,80,1,2,2,2,2,2-5,2,0,2
EMP0248,34,30-40,No,Travel_Rarely,470,Research & Development,2,4,Life Sciences,1,339,4,Male,84,2,2,Manufacturing Director,1,Married,5957,Medium,23687,6,Y,No,13,3,2,80,1,13,3,3,11,10+,9,5,9
EMP0249,37,30-40,No,Travel_Rarely,1017,Research & Development,1,2,Medical,1,340,3,Female,83,2,1,Research Scientist,1,Married,3920,Medium,18697,2,Y,No,14,3,1,80,1,17,2,2,3,2-5,1,0,2
EMP0250,45,40+,No,Travel_Frequently,1199,Research & Development,7,4,Life Sciences,1,341,1,Male,77,4,2,Manufacturing Director,3,Married,6434,Medium,5118,4,Y,No,17,3,4,80,1,9,1,3,3,2-5,2,0,2
EMP0251,37,30-40,Yes,Travel_Frequently,504,Research & Development,10,3,Medical,1,342,1,Male,61,3,3,Manufacturing Director,3,Divorced,10048,High,22573,6,Y,No,11,3,2,80,2,17,5,3,1,<2,0,0,0
EMP0252,39,30-40,No,Travel_Frequently,505,Research & Development,2,4,Technical Degree,1,343,3,Female,64,3,3,Healthcare Representative,3,Single,10938,High,6420,0,Y,No,25,4,4,80,0,20,1,3,19,10+,6,11,8
EMP0253,29,Under 30,No,Travel_Rarely,665,Research & Development,15,3,Life Sciences,1,346,3,Male,60,3,1,Research Scientist,4,Single,2340,Low,22673,1,Y,No,19,3,1,80,0,6,1,3,6,5-10,5,1,5
EMP0254,42,40+,No,Travel_Rarely,916,Research & Development,17,2,Life Sciences,1,347,4,Female,82,4,2,Research Scientist,1,Single,6545,Medium,23016,3,Y,Yes,13,3,3,80,0,10,1,3,3,2-5,2,0,2
EMP0255,29,Under 30,No,Travel_Rarely,1247,Sales,20,2,Marketing,1,349,4,Male,45,3,2,Sales Executive,4,Divorced,6931,Medium,10732,2,Y,No,14,3,4,80,1,10,2,3,3,2-5,2,0,2
EMP0256,25,Under 30,No,Travel_Rarely,685,Research & Development,1,3,Life Sciences,1,350,1,Female,62,3,2,Manufacturing Director,3,Married,4898,Medium,7505,0,Y,No,12,3,4,80,2,5,3,3,4,2-5,2,1,2
EMP0257,42,40+,No,Travel_Rarely,269,Research & Development,2,3,Medical,1,351,4,Female,56,2,1,Laboratory Technician,1,Divorced,2593,Low,8007,0,Y,Yes,11,3,3,80,1,10,4,3,9,5-10,6,7,8
EMP0258,40,30-40,No,Travel_Rarely,1416,Research & Development,2,2,Medical,1,352,1,Male,49,3,5,Research Director,3,Divorced,19436,High,5949,0,Y,No,19,3,4,80,1,22,5,3,21,10+,7,3,9
EMP0259,51,40+,No,Travel_Rarely,833,Research & Development,1,3,Life Sciences,1,353,3,Male,96,3,1,Research Scientist,4,Married,2723,Low,23231,1,Y,No,11,3,2,80,0,1,0,2,1,<2,0,0,0
EMP0260,31,30-40,Yes,Travel_Frequently,307,Research & Development,29,2,Medical,1,355,3,Male,71,2,1,Laboratory Technician,2,Single,3479,Medium,11652,0,Y,No,11,3,2,80,0,6,2,4,5,2-5,4,1,4
EMP0261,32,30-40,No,Travel_Frequently,1311,Research & Development,7,3,Life Sciences,1,359,2,Male,100,4,1,Laboratory Technician,2,Married,2794,Low,26062,1,Y,No,20,4,3,80,0,5,3,1,5,2-5,1,0,3
EMP0262,38,30-40,No,Non-Travel,1327,Sales,2,2,Life Sciences,1,361,4,Male,39,2,2,Sales Executive,4,Married,5249,Medium,19682,3,Y,No,18,3,4,80,1,13,0,3,8,5-10,7,7,5
EMP0263,32,30-40,No,Travel_Rarely,128,Research & Development,2,1,Technical Degree,1,362,4,Male,84,2,2,Laboratory Technician,1,Single,2176,Low,19737,4,Y,No,13,3,4,80,0,9,5,3,6,5-10,2,0,4
EMP0264,46,40+,No,Travel_Rarely,488,Sales,2,3,Technical Degree,1,363,3,Female,75,1,4,Manager,2,Married,16872,High,14977,3,Y,Yes,12,3,2,80,1,28,2,2,7,5-10,7,7,7
EMP0265,28,Under 30,Yes,Travel_Rarely,529,Research & Development,2,4,Life Sciences,1,364,1,Male,79,3,1,Laboratory Technician,3,Single,3485,Medium,14935,2,Y,No,11,3,3,80,0,5,5,1,0,<2,0,0,0
EMP0266,29,Under 30,No,Travel_Rarely,1210,Sales,2,3,Medical,1,366,1,Male,78,2,2,Sales Executive,2,Married,6644,Medium,3687,2,Y,No,19,3,2,80,2,10,2,3,0,<2,0,0,0
EMP0267,31,30-40,No,Travel_Rarely,1463,Research & Development,23,3,Medical,1,367,2,Male,64,2,2,Healthcare Representative,4,Married,5582,Medium,14408,0,Y,No,21,4,2,80,1,10,2,3,9,5-10,0,7,8
EMP0268,25,Under 30,No,Non-Travel,675,Research & Development,5,2,Life Sciences,1,369,2,Male,85,4,2,Healthcare Representative,1,Divorced,4000,Medium,18384,1,Y,No,12,3,4,80,2,6,2,3,6,5-10,3,1,5
EMP0269,45,40+,No,Travel_Rarely,1385,Research & Development,20,2,Medical,1,372,3,Male,79,3,4,Healthcare Representative,4,Married,13496,High,7501,0,Y,Yes,14,3,2,80,0,21,2,3,20,10+,7,4,10
EMP0270,36,30-40,No,Travel_Rarely,1403,Research & Development,6,3,Life Sciences,1,373,4,Male,47,3,1,Laboratory Technician,4,Married,3210,Medium,20251,0,Y,No,11,3,3,80,1,16,4,3,15,10+,13,10,11
EMP0271,55,40+,No,Travel_Rarely,452,Research & Development,1,3,Medical,1,374,4,Male,81,3,5,Manager,1,Single,19045,High,18938,0,Y,Yes,14,3,3,80,0,37,2,3,36,10+,10,4,13
EMP0272,47,40+,Yes,Non-Travel,666,Research & Development,29,4,Life Sciences,1,376,1,Male,88,3,3,Manager,2,Married,11849,High,10268,1,Y,Yes,12,3,4,80,1,10,2,2,10,5-10,7,9,9
EMP0273,28,Under 30,No,Travel_Rarely,1158,Research & Development,9,3,Medical,1,377,4,Male,94,3,1,Research Scientist,4,Married,2070,Low,2613,1,Y,No,23,4,4,80,1,5,3,2,5,2-5,2,0,4
EMP0274,37,30-40,No,Travel_Rarely,228,Sales,6,4,Medical,1,378,3,Male,98,3,2,Sales Executive,4,Married,6502,Medium,22825,4,Y,No,14,3,2,80,1,7,5,4,5,2-5,4,0,1
EMP0275,21,Under 30,No,Travel_Rarely,996,Research & Development,3,2,Medical,1,379,4,Male,100,2,1,Research Scientist,3,Single,3230,Medium,10531,1,Y,No,17,3,1,80,0,3,4,4,3,2-5,2,1,0
EMP0276,37,30-40,No,Non-Travel,728,Research & Development,1,4,Medical,1,380,1,Female,80,3,3,Research Director,4,Divorced,13603,High,11677,2,Y,Yes,18,3,1,80,2,15,2,3,5,2-5,2,0,2
EMP0277,35,30-40,No,Travel_Rarely,1315,Research & Development,22,3,Life Sciences,1,381,2,Female,71,4,3,Manager,2,Divorced,11996,High,19100,7,Y,No,18,3,2,80,1,10,6,2,7,5-10,7,6,2
EMP0278,38,30-40,No,Travel_Rarely,322,Sales,7,2,Medical,1,382,1,Female,44,4,2,Sales Executive,1,Divorced,5605,Medium,19191,1,Y,Yes,24,4,3,80,1,8,3,3,8,5-10,0,7,7
EMP0279,26,Under 30,No,Travel_Frequently,1479,Research & Development,1,3,Life Sciences,1,384,3,Female,84,3,2,Manufacturing Director,2,Divorced,6397,Medium,26767,1,Y,No,20,4,1,80,1,6,6,1,6,5-10,5,1,4
EMP0280,50,40+,No,Travel_Rarely,797,Research & Development,4,1,Life Sciences,1,385,1,Male,96,3,5,Research Director,2,Divorced,19144,High,15815,3,Y,No,14,3,1,80,2,28,4,2,10,5-10,4,1,6
EMP0281,53,40+,No,Travel_Rarely,1070,Research & Development,3,4,Medical,1,386,3,Male,45,3,4,Research Director,3,Married,17584,High,21016,3,Y,Yes,16,3,4,80,3,21,5,2,5,2-5,3,1,3
EMP0282,42,40+,No,Travel_Rarely,635,Sales,1,1,Life Sciences,1,387,2,Male,99,3,2,Sales Executive,3,Married,4907,Medium,24532,1,Y,No,25,4,3,80,0,20,3,3,20,10+,16,11,6
EMP0283,29,Under 30,No,Travel_Frequently,442,Sales,2,2,Life Sciences,1,388,2,Male,44,3,2,Sales Executive,4,Single,4554,Medium,20260,1,Y,No,18,3,1,80,0,10,3,2,10,5-10,7,0,9
EMP0284,55,40+,No,Travel_Rarely,147,Research & Development,20,2,Technical Degree,1,389,2,Male,37,3,2,Laboratory Technician,4,Married,5415,Medium,15972,3,Y,Yes,19,3,4,80,1,12,4,3,10,5-10,7,0,8
EMP0285,26,Under 30,No,Travel_Frequently,496,Research & Development,11,2,Medical,1,390,1,Male,60,3,2,Healthcare Representative,1,Married,4741,Medium,22722,1,Y,Yes,13,3,3,80,1,5,3,3,5,2-5,3,3,3
EMP0286,37,30-40,No,Travel_Rarely,1372,Research & Development,1,3,Life Sciences,1,391,4,Female,42,3,1,Research Scientist,4,Single,2115,Low,15881,1,Y,No,12,3,2,80,0,17,3,3,17,10+,12,5,7
EMP0287,44,40+,Yes,Travel_Frequently,920,Research & Development,24,3,Life Sciences,1,392,4,Male,43,3,1,Laboratory Technician,3,Divorced,3161,Medium,19920,3,Y,Yes,22,4,4,80,1,19,0,1,1,<2,0,0,0
EMP0288,38,30-40,No,Travel_Rarely,688,Research & Development,23,4,Life Sciences,1,393,4,Male,82,3,2,Healthcare Representative,4,Divorced,5745,Medium,18899,9,Y,No,14,3,2,80,1,10,2,3,2,2-5,2,1,2
EMP0289,26,Under 30,Yes,Travel_Rarely,1449,Research & Development,16,4,Medical,1,394,1,Male,45,3,1,Laboratory Technician,2,Divorced,2373,Low,14180,2,Y,Yes,13,3,4,80,1,5,2,3,3,2-5,2,0,2
EMP0290,28,Under 30,No,Travel_Rarely,1117,Research & Development,8,2,Life Sciences,1,395,4,Female,66,3,1,Research Scientist,4,Single,3310,Medium,4488,1,Y,No,21,4,4,80,0,5,3,3,5,2-5,3,0,2
EMP0291,49,40+,No,Travel_Frequently,636,Research & Development,10,4,Life Sciences,1,396,3,Female,35,3,5,Research Director,1,Single,18665,High,25594,9,Y,Yes,11,3,4,80,0,22,4,3,3,2-5,2,1,2
EMP0292,36,30-40,No,Travel_Rarely,506,Research & Development,3,3,Technical Degree,1,397,3,Male,30,3,2,Research Scientist,2,Single,4485,Medium,26285,4,Y,No,12,3,4,80,0,10,2,3,8,5-10,0,7,7
EMP0293,31,30-40,No,Travel_Frequently,444,Sales,5,3,Marketing,1,399,4,Female,84,3,1,Sales Representative,2,Divorced,2789,Low,3909,1,Y,No,11,3,3,80,1,2,5,2,2,2-5,2,2,2
EMP0294,26,Under 30,Yes,Travel_Rarely,950,Sales,4,4,Marketing,1,401,4,Male,48,2,2,Sales Executive,4,Single,5828,Medium,8450,1,Y,Yes,12,3,2,80,0,8,0,3,8,5-10,7,7,4
EMP0295,37,30-40,No,Travel_Frequently,889,Research & Development,9,3,Medical,1,403,2,Male,53,3,1,Research Scientist,4,Married,2326,Low,11411,1,Y,Yes,12,3,3,80,3,4,3,2,4,2-5,2,1,2
EMP0296,42,40+,No,Travel_Frequently,555,Sales,26,3,Marketing,1,404,3,Female,77,3,4,Sales Executive,2,Married,13525,High,14864,5,Y,No,14,3,4,80,1,23,2,4,20,10+,4,4,8
EMP0297,18,Under 30,Yes,Travel_Rarely,230,Research & Development,3,3,Life Sciences,1,405,3,Male,54,3,1,Laboratory Technician,3,Single,1420,Low,25233,1,Y,No,13,3,3,80,0,0,2,3,0,<2,0,0,0
EMP0298,35,30-40,No,Travel_Rarely,1232,Sales,16,3,Marketing,1,406,3,Male,96,3,3,Sales Executive,2,Married,8020,High,5100,0,Y,No,15,3,3,80,2,12,3,2,11,10+,9,6,9
EMP0299,36,30-40,No,Travel_Frequently,566,Research & Development,18,4,Life Sciences,1,407,3,Male,81,4,1,Laboratory Technician,4,Married,3688,Medium,7122,4,Y,No,18,3,4,80,2,4,2,3,1,<2,0,0,0
EMP0300,51,40+,No,Travel_Rarely,1302,Research & Development,2,3,Medical,1,408,4,Male,84,1,2,Manufacturing Director,2,Divorced,5482,Medium,16321,5,Y,No,18,3,4,80,1,13,3,3,4,2-5,1,1,2
EMP0301,41,40+,No,Travel_Rarely,334,Sales,2,4,Life Sciences,1,410,4,Male,88,3,4,Manager,2,Single,16015,High,15896,1,Y,No,19,3,2,80,0,22,2,3,22,10+,10,0,4
EMP0302,18,Under 30,No,Travel_Rarely,812,Sales,10,3,Medical,1,411,4,Female,69,2,1,Sales Representative,3,Single,1200,Low,9724,1,Y,No,12,3,1,80,0,0,2,3,0,<2,0,0,0
EMP0303,28,Under 30,No,Travel_Rarely,1476,Research & Development,16,2,Medical,1,412,2,Male,68,4,2,Healthcare Representative,1,Single,5661,Medium,4824,0,Y,No,19,3,3,80,0,9,2,3,8,5-10,3,0,7
EMP0304,31,30-40,No,Travel_Rarely,218,Sales,7,3,Technical Degree,1,416,2,Male,100,4,2,Sales Executive,4,Married,6929,Medium,12241,4,Y,No,11,3,2,80,1,10,3,2,8,5-10,7,7,7
EMP0305,39,30-40,No,Travel_Rarely,1132,Research & Development,1,3,Medical,1,417,3,Male,48,4,3,Healthcare Representative,4,Divorced,9613,High,10942,0,Y,No,17,3,1,80,3,19,5,2,18,10+,10,3,7
EMP0306,36,30-40,No,Non-Travel,1105,Research & Development,24,4,Life Sciences,1,419,2,Female,47,3,2,Laboratory Technician,2,Married,5674,Medium,6927,7,Y,No,15,3,3,80,1,11,3,3,9,5-10,8,0,8
EMP0307,32,30-40,No,Travel_Rarely,906,Sales,7,3,Life Sciences,1,420,4,Male,91,2,2,Sales Executive,3,Married,5484,Medium,16985,1,Y,No,14,3,3,80,1,13,3,2,13,10+,8,4,8
EMP0308,38,30-40,No,Travel_Rarely,849,Research & Development,25,2,Life Sciences,1,421,1,Female,81,2,3,Research Director,2,Married,12061,High,26707,3,Y,No,17,3,3,80,1,19,2,3,10,5-10,8,0,1
EMP0309,58,40+,No,Non-Travel,390,Research & Development,1,4,Life Sciences,1,422,4,Male,32,1,2,Healthcare Representative,3,Divorced,5660,Medium,17056,2,Y,Yes,13,3,4,80,1,12,2,3,5,2-5,3,1,2
EMP0310,31,30-40,No,Travel_Rarely,691,Research & Development,5,4,Technical Degree,1,423,3,Male,86,3,1,Research Scientist,4,Married,4821,Medium,10077,0,Y,Yes,12,3,3,80,1,6,4,3,5,2-5,2,0,3
EMP0311,31,30-40,No,Travel_Rarely,106,Human Resources,2,3,Human Resources,1,424,1,Male,62,2,2,Human Resources,1,Married,6410,Medium,17822,3,Y,No,12,3,4,80,0,9,1,3,2,2-5,2,1,0
EMP0312,45,40+,No,Travel_Frequently,1249,Research & Development,7,3,Life Sciences,1,425,1,Male,97,3,3,Laboratory Technician,1,Divorced,5210,Medium,20308,1,Y,No,18,3,1,80,1,24,2,3,24,10+,9,9,11
EMP0313,31,30-40,No,Travel_Rarely,192,Research & Development,2,4,Life Sciences,1,426,3,Male,32,3,1,Research Scientist,4,Divorced,2695,Low,7747,0,Y,Yes,18,3,2,80,1,3,2,1,2,2-5,2,2,2
EMP0314,33,30-40,No,Travel_Frequently,553,Research & Development,5,4,Life Sciences,1,428,4,Female,74,3,3,Manager,2,Married,11878,High,23364,6,Y,No,11,3,2,80,2,12,2,3,10,5-10,6,8,8
EMP0315,39,30-40,No,Travel_Rarely,117,Research & Development,10,1,Medical,1,429,3,Male,99,3,4,Manager,1,Married,17068,High,5355,1,Y,Yes,14,3,4,80,0,21,3,3,21,10+,9,11,10
EMP0316,43,40+,No,Travel_Frequently,185,Research & Development,10,4,Life Sciences,1,430,3,Female,33,3,1,Laboratory Technician,4,Single,2455,Low,10675,0,Y,No,19,3,1,80,0,9,5,3,8,5-10,7,1,7
EMP0317,49,40+,No,Travel_Rarely,1091,Research & Development,1,2,Technical Degree,1,431,3,Female,90,2,4,Healthcare Representative,3,Single,13964,High,17810,7,Y,Yes,12,3,4,80,0,25,2,3,7,5-10,1,0,7
EMP0318,52,40+,Yes,Travel_Rarely,723,Research & Development,8,4,Medical,1,433,3,Male,85,2,2,Research Scientist,2,Married,4941,Medium,17747,2,Y,No,15,3,1,80,0,11,3,2,8,5-10,2,7,7
EMP0319,27,Under 30,No,Travel_Rarely,1220,Research & Development,5,3,Life Sciences,1,434,3,Female,85,3,1,Research Scientist,2,Single,2478,Low,20938,1,Y,Yes,12,3,2,80,0,4,2,2,4,2-5,3,1,2
EMP0320,32,30-40,No,Travel_Rarely,588,Sales,8,2,Technical Degree,1,436,3,Female,65,2,2,Sales Executive,2,Married,5228,Medium,24624,1,Y,Yes,11,3,4,80,0,13,2,3,13,10+,12,11,9
EMP0321,27,Under 30,No,Travel_Rarely,1377,Sales,2,3,Life Sciences,1,437,4,Male,74,3,2,Sales Executive,3,Single,4478,Medium,5242,1,Y,Yes,11,3,1,80,0,5,3,3,5,2-5,4,0,4
EMP0322,31,30-40,No,Travel_Rarely,691,Sales,7,3,Marketing,1,438,4,Male,73,3,2,Sales Executive,4,Divorced,7547,High,7143,4,Y,No,12,3,4,80,3,13,3,3,7,5-10,7,1,7
EMP0323,32,30-40,No,Travel_Rarely,1018,Research & Development,2,4,Medical,1,439,1,Female,74,4,2,Research Scientist,4,Single,5055,Medium,10557,7,Y,No,16,3,3,80,0,10,0,2,7,5-10,7,0,7
EMP0324,28,Under 30,Yes,Travel_Rarely,1157,Research & Development,2,4,Medical,1,440,1,Male,84,1,1,Research Scientist,4,Married,3464,Medium,24737,5,Y,Yes,13,3,4,80,0,5,4,2,3,2-5,2,2,2
EMP0325,30,30-40,No,Travel_Rarely,1275,Research & Development,28,2,Medical,1,441,4,Female,64,3,2,Research Scientist,4,Married,5775,Medium,11934,1,Y,No,13,3,4,80,2,11,2,3,10,5-10,8,1,9
EMP0326,31,30-40,No,Travel_Frequently,798,Research & Development,7,2,Life Sciences,1,442,3,Female,48,2,3,Manufacturing Director,3,Married,8943,High,14034,1,Y,No,24,4,1,80,1,10,2,3,10,5-10,9,8,9
EMP0327,39,30-40,No,Travel_Frequently,672,Research & Development,7,2,Medical,1,444,3,Male,54,2,5,Manager,4,Married,19272,High,21141,1,Y,No,15,3,1,80,1,21,2,3,21,10+,9,13,3
EMP0328,39,30-40,Yes,Travel_Rarely,1162,Sales,3,2,Medical,1,445,4,Female,41,3,2,Sales Executive,3,Married,5238,Medium,17778,4,Y,Yes,18,3,1,80,0,12,3,2,1,<2,0,0,0
EMP0329,33,30-40,No,Travel_Frequently,508,Sales,10,3,Marketing,1,446,2,Male,46,2,2,Sales Executive,4,Single,4682,Medium,4317,3,Y,No,14,3,3,80,0,9,6,2,7,5-10,7,0,1
EMP0330,47,40+,No,Travel_Rarely,1482,Research & Development,5,5,Life Sciences,1,447,4,Male,42,3,5,Research Director,3,Married,18300,High,16375,4,Y,No,11,3,2,80,1,21,2,3,3,2-5,2,1,1
EMP0331,43,40+,No,Travel_Frequently,559,Research & Development,10,4,Life Sciences,1,448,3,Female,82,2,2,Laboratory Technician,3,Divorced,5257,Medium,6227,1,Y,No,11,3,2,80,1,9,3,4,9,5-10,7,0,0
EMP0332,27,Under 30,No,Non-Travel,210,Sales,1,1,Marketing,1,449,3,Male,73,3,2,Sales Executive,2,Married,6349,Medium,22107,0,Y,Yes,13,3,4,80,1,6,0,3,5,2-5,4,1,4
EMP0333,54,40+,No,Travel_Frequently,928,Research & Development,20,4,Life Sciences,1,450,4,Female,31,3,2,Research Scientist,3,Single,4869,Medium,16885,3,Y,No,12,3,4,80,0,20,4,2,4,2-5,3,0,3
EMP0334,43,40+,No,Travel_Rarely,1001,Research & Development,7,3,Life Sciences,1,451,3,Female,43,3,3,Healthcare Representative,1,Married,9985,High,9262,8,Y,No,16,3,1,80,1,10,1,2,1,<2,0,0,0
EMP0335,45,40+,No,Travel_Rarely,549,Research & Development,8,4,Other,1,452,4,Male,75,3,2,Research Scientist,4,Married,3697,Medium,9278,9,Y,No,14,3,1,80,2,12,3,3,10,5-10,9,9,8
EMP0336,40,30-40,No,Travel_Rarely,1124,Sales,1,2,Medical,1,453,2,Male,57,1,2,Sales Executive,4,Married,7457,High,13273,2,Y,Yes,22,4,3,80,3,6,2,2,4,2-5,3,0,2
EMP0337,29,Under 30,Yes,Travel_Rarely,318,Research & Development,8,4,Other,1,454,2,Male,77,1,1,Laboratory Technician,1,Married,2119,Low,4759,1,Y,Yes,11,3,4,80,0,7,4,2,7,5-10,7,0,7
EMP0338,29,Under 30,No,Travel_Rarely,738,Research & Development,9,5,Other,1,455,2,Male,30,2,1,Laboratory Technician,4,Single,3983,Medium,7621,0,Y,No,17,3,3,80,0,4,2,3,3,2-5,2,2,2
EMP0339,30,30-40,No,Travel_Rarely,570,Sales,5,3,Marketing,1,456,4,Female,30,2,2,Sales Executive,3,Divorced,6118,Medium,5431,1,Y,No,13,3,3,80,3,10,2,3,10,5-10,9,1,2
EMP0340,27,Under 30,No,Travel_Rarely,1130,Sales,8,4,Marketing,1,458,2,Female,56,3,2,Sales Executive,2,Married,6214,Medium,3415,1,Y,No,18,3,1,80,1,8,3,3,8,5-10,7,0,7
EMP0341,37,30-40,No,Travel_Rarely,1192,Research & Development,5,2,Medical,1,460,4,Male,61,3,2,Manufacturing Director,4,Divorced,6347,Medium,23177,7,Y,No,16,3,3,80,2,8,2,2,6,5-10,2,0,4
EMP0342,38,30-40,No,Travel_Rarely,343,Research & Development,15,2,Life Sciences,1,461,3,Male,92,2,3,Research Director,4,Divorced,11510,High,15682,0,Y,Yes,14,3,2,80,1,12,3,3,11,10+,10,2,9
EMP0343,31,30-40,No,Travel_Rarely,1232,Research & Development,7,4,Medical,1,462,3,Female,39,3,3,Manufacturing Director,4,Single,7143,High,25713,1,Y,Yes,14,3,3,80,0,11,2,2,11,10+,9,4,10
EMP0344,29,Under 30,No,Travel_Rarely,144,Sales,10,1,Marketing,1,463,4,Female,39,2,2,Sales Executive,2,Divorced,8268,High,11866,1,Y,Yes,14,3,1,80,2,7,2,3,7,5-10,7,1,7
EMP0345,35,30-40,No,Travel_Rarely,1296,Research & Development,5,4,Technical Degree,1,464,3,Male,62,3,3,Manufacturing Director,2,Single,8095,High,18264,0,Y,No,13,3,4,80,0,17,5,3,16,10+,6,0,13
EMP0346,23,Under 30,No,Travel_Rarely,1309,Research & Development,26,1,Life Sciences,1,465,3,Male,83,3,1,Research Scientist,4,Divorced,2904,Low,16092,1,Y,No,12,3,3,80,2,4,2,2,4,2-5,2,0,2
EMP0347,41,40+,No,Travel_Rarely,483,Research & Development,6,3,Medical,1,466,4,Male,95,2,2,Manufacturing Director,2,Single,6032,Medium,10110,6,Y,Yes,15,3,4,80,0,8,3,3,5,2-5,4,1,2
EMP0348,47,40+,No,Travel_Frequently,1309,Sales,4,1,Medical,1,467,2,Male,99,3,2,Sales Representative,3,Single,2976,Low,25751,3,Y,No,19,3,1,80,0,5,3,3,0,<2,0,0,0
EMP0349,42,40+,No,Travel_Rarely,810,Research & Development,23,5,Life Sciences,1,468,1,Female,44,3,4,Research Director,4,Single,15992,High,15901,2,Y,No,14,3,2,80,0,16,2,3,1,<2,0,0,0
EMP0350,29,Under 30,No,Non-Travel,746,Sales,2,3,Life Sciences,1,469,4,Male,61,3,2,Sales Executive,3,Married,4649,Medium,16928,1,Y,No,14,3,1,80,1,4,3,2,4,2-5,3,0,2
EMP0351,42,40+,No,Travel_Rarely,544,Human Resources,2,1,Technical Degree,1,470,3,Male,52,3,1,Human Resources,3,Divorced,2696,Low,24017,0,Y,Yes,11,3,3,80,1,4,5,3,3,2-5,2,1,0
EMP0352,32,30-40,No,Travel_Rarely,1062,Research & Development,2,3,Medical,1,471,3,Female,75,3,1,Laboratory Technician,2,Married,2370,Low,3956,1,Y,No,13,3,3,80,1,8,4,3,8,5-10,0,0,7
EMP0353,48,40+,No,Travel_Rarely,530,Sales,29,1,Medical,1,473,1,Female,91,3,3,Manager,3,Married,12504,High,23978,3,Y,No,21,4,2,80,1,15,3,1,0,<2,0,0,0
EMP0354,37,30-40,No,Travel_Rarely,1319,Research & Development,6,3,Medical,1,474,3,Male,51,4,2,Research Scientist,1,Divorced,5974,Medium,17001,4,Y,Yes,13,3,1,80,2,13,2,3,7,5-10,7,6,7
EMP0355,30,30-40,No,Non-Travel,641,Sales,25,2,Technical Degree,1,475,4,Female,85,3,2,Sales Executive,3,Married,4736,Medium,6069,7,Y,Yes,12,3,2,80,1,4,2,4,2,2-5,2,2,2
EMP0356,26,Under 30,No,Travel_Rarely,933,Sales,1,3,Life Sciences,1,476,3,Male,57,3,2,Sales Executive,3,Married,5296,Medium,20156,1,Y,No,17,3,2,80,1,8,3,3,8,5-10,7,7,7
EMP0357,42,40+,No,Travel_Rarely,1332,Research & Development,2,4,Other,1,477,1,Male,98,2,2,Healthcare Representative,4,Single,6781,Medium,17078,3,Y,No,23,4,2,80,0,14,6,3,1,<2,0,0,0
EMP0358,21,Under 30,Yes,Travel_Frequently,756,Sales,1,1,Technical Degree,1,478,1,Female,99,2,1,Sales Representative,2,Single,2174,Low,9150,1,Y,Yes,11,3,3,80,0,3,3,3,3,2-5,2,1,2
EMP0359,36,30-40,No,Non-Travel,845,Sales,1,5,Medical,1,479,4,Female,45,3,2,Sales Executive,4,Single,6653,Medium,15276,4,Y,No,15,3,2,80,0,7,6,3,1,<2,0,0,0
EMP0360,36,30-40,No,Travel_Frequently,541,Sales,3,4,Medical,1,481,1,Male,48,2,3,Sales Executive,4,Married,9699,High,7246,4,Y,No,11,3,1,80,1,16,2,3,13,10+,9,1,12
EMP0361,57,40+,No,Travel_Rarely,593,Research & Development,1,4,Medical,1,482,4,Male,88,3,2,Healthcare Representative,3,Married,6755,Medium,2967,2,Y,No,11,3,3,80,0,15,2,3,3,2-5,2,1,2
EMP0362,40,30-40,No,Travel_Rarely,1171,Research & Development,10,4,Life Sciences,1,483,4,Female,46,4,1,Laboratory Technician,3,Married,2213,Low,22495,3,Y,Yes,13,3,3,80,1,10,3,3,7,5-10,7,1,7
EMP0363,21,Under 30,No,Non-Travel,895,Sales,9,2,Medical,1,484,1,Male,39,3,1,Sales Representative,4,Single,2610,Low,2851,1,Y,No,24,4,3,80,0,3,3,2,3,2-5,2,2,2
EMP0364,33,30-40,Yes,Travel_Rarely,350,Sales,5,3,Marketing,1,485,4,Female,34,3,1,Sales Representative,3,Single,2851,Low,9150,1,Y,Yes,13,3,2,80,0,1,2,3,1,<2,0,0,0
EMP0365,37,30-40,No,Travel_Rarely,921,Research & Development,10,3,Medical,1,486,3,Female,98,3,1,Laboratory Technician,1,Married,3452,Medium,17663,6,Y,No,20,4,2,80,1,17,3,3,5,2-5,4,0,3
EMP0366,46,40+,No,Non-Travel,1144,Research & Development,7,4,Medical,1,487,3,Female,30,3,2,Manufacturing Director,3,Married,5258,Medium,16044,2,Y,No,14,3,3,80,0,7,2,4,1,<2,0,0,0
EMP0367,41,40+,Yes,Travel_Frequently,143,Sales,4,3,Marketing,1,488,1,Male,56,3,2,Sales Executive,2,Single,9355,High,9558,1,Y,No,18,3,3,80,0,8,5,3,8,5-10,7,7,7
EMP0368,50,40+,No,Travel_Rarely,1046,Research & Development,10,3,Technical Degree,1,491,4,Male,100,2,3,Healthcare Representative,4,Single,10496,High,2755,6,Y,No,15,3,4,80,0,20,2,3,4,2-5,3,1,3
EMP0369,40,30-40,Yes,Travel_Rarely,575,Sales,22,2,Marketing,1,492,3,Male,68,2,2,Sales Executive,3,Married,6380,Medium,6110,2,Y,Yes,12,3,1,80,2,8,6,3,6,5-10,4,1,0
EMP0370,31,30-40,No,Travel_Rarely,408,Research & Development,9,4,Life Sciences,1,493,3,Male,42,2,1,Research Scientist,2,Single,2657,Low,7551,0,Y,Yes,16,3,4,80,0,3,5,3,2,2-5,2,2,2
EMP0371,21,Under 30,Yes,Travel_Rarely,156,Sales,12,3,Life Sciences,1,494,3,Female,90,4,1,Sales Representative,2,Single,2716,Low,25422,1,Y,No,15,3,4,80,0,1,0,3,1,<2,0,0,0
EMP0372,29,Under 30,No,Travel_Rarely,1283,Research & Development,23,3,Life Sciences,1,495,4,Male,54,3,1,Research Scientist,4,Single,2201,Low,18168,9,Y,No,16,3,4,80,0,6,4,3,3,2-5,2,1,2
EMP0373,35,30-40,No,Travel_Rarely,755,Research & Development,9,4,Life Sciences,1,496,3,Male,97,2,2,Healthcare Representative,2,Single,6540,Medium,19394,9,Y,No,19,3,3,80,0,10,5,3,1,<2,1,0,0
EMP0374,27,Under 30,No,Travel_Rarely,1469,Research & Development,1,2,Medical,1,497,4,Male,82,3,1,Laboratory Technician,2,Divorced,3816,Medium,17881,1,Y,No,11,3,2,80,1,5,2,3,5,2-5,2,0,4
EMP0375,28,Under 30,No,Travel_Rarely,304,Sales,9,4,Life Sciences,1,498,2,Male,92,3,2,Sales Executive,4,Single,5253,Medium,20750,1,Y,No,16,3,4,80,0,7,1,3,7,5-10,5,0,7
EMP0376,49,40+,No,Travel_Rarely,1261,Research & Development,7,3,Other,1,499,2,Male,31,2,3,Healthcare Representative,3,Single,10965,High,12066,8,Y,No,24,4,3,80,0,26,2,3,5,2-5,2,0,0
EMP0377,51,40+,No,Travel_Rarely,1178,Sales,14,2,Life Sciences,1,500,3,Female,87,3,2,Sales Executive,4,Married,4936,Medium,14862,4,Y,No,11,3,3,80,1,18,2,2,7,5-10,7,0,7
EMP0378,36,30-40,No,Travel_Rarely,329,Research & Development,2,3,Life Sciences,1,501,4,Female,96,3,1,Research Scientist,3,Married,2543,Low,11868,4,Y,No,13,3,2,80,1,6,3,3,2,2-5,2,2,2
EMP0379,34,30-40,Yes,Non-Travel,1362,Sales,19,3,Marketing,1,502,1,Male,67,4,2,Sales Executive,4,Single,5304,Medium,4652,8,Y,Yes,13,3,2,80,0,9,3,2,5,2-5,2,0,4
EMP0380,55,40+,No,Travel_Rarely,1311,Research & Development,2,3,Life Sciences,1,505,3,Female,97,3,4,Manager,4,Single,16659,High,23258,2,Y,Yes,13,3,3,80,0,30,2,3,5,2-5,4,1,2
EMP0381,24,Under 30,No,Travel_Rarely,1371,Sales,10,4,Marketing,1,507,4,Female,77,3,2,Sales Executive,3,Divorced,4260,Medium,5915,1,Y,Yes,12,3,4,80,1,5,2,4,5,2-5,2,0,3
EMP0382,30,30-40,No,Travel_Rarely,202,Sales,2,1,Technical Degree,1,508,3,Male,72,3,1,Sales Representative,2,Married,2476,Low,17434,1,Y,No,18,3,1,80,1,1,3,3,1,<2,0,0,0
EMP0383,26,Under 30,Yes,Travel_Frequently,575,Research & Development,3,1,Technical Degree,1,510,3,Male,73,3,1,Research Scientist,1,Single,3102,Medium,6582,0,Y,No,22,4,3,80,0,7,2,3,6,5-10,4,0,4
EMP0384,22,Under 30,No,Travel_Rarely,253,Research & Development,11,3,Medical,1,511,1,Female,43,3,1,Research Scientist,2,Married,2244,Low,24440,1,Y,No,13,3,4,80,1,2,1,3,2,2-5,1,1,2
EMP0385,36,30-40,No,Travel_Rarely,164,Sales,2,2,Medical,1,513,2,Male,61,2,3,Sales Executive,3,Married,7596,High,3809,1,Y,No,13,3,2,80,2,10,2,3,10,5-10,9,9,0
EMP0386,30,30-40,Yes,Travel_Frequently,464,Research & Development,4,3,Technical Degree,1,514,3,Male,40,3,1,Research Scientist,4,Single,2285,Low,3427,9,Y,Yes,23,4,3,80,0,3,4,3,1,<2,0,0,0
EMP0387,37,30-40,No,Travel_Rarely,1107,Research & Development,14,3,Life Sciences,1,515,4,Female,95,3,1,Laboratory Technician,1,Divorced,3034,Medium,26914,1,Y,No,12,3,3,80,1,18,2,2,18,10+,7,12,17
EMP0388,40,30-40,No,Travel_Rarely,759,Sales,2,2,Marketing,1,516,4,Female,46,3,2,Sales Executive,2,Divorced,5715,Medium,22553,7,Y,No,12,3,3,80,2,8,5,3,5,2-5,4,1,3
EMP0389,42,40+,No,Travel_Rarely,201,Research & Development,1,4,Life Sciences,1,517,2,Female,95,3,1,Laboratory Technician,1,Divorced,2576,Low,20490,3,Y,No,16,3,2,80,1,8,5,3,5,2-5,2,1,2
EMP0390,37,30-40,No,Travel_Rarely,1305,Research & Development,10,4,Life Sciences,1,518,3,Male,49,3,2,Manufacturing Director,2,Single,4197,Medium,21123,2,Y,Yes,12,3,4,80,0,18,2,2,1,<2,0,0,1
EMP0391,43,40+,No,Travel_Rarely,982,Research & Development,12,3,Life Sciences,1,520,1,Male,59,2,4,Research Director,2,Divorced,14336,High,4345,1,Y,No,11,3,3,80,1,25,3,3,25,10+,10,3,9
EMP0392,40,30-40,No,Travel_Rarely,555,Research & Development,2,3,Medical,1,521,2,Female,78,2,2,Laboratory Technician,3,Married,3448,Medium,13436,6,Y,No,22,4,2,80,1,20,3,3,1,<2,0,0,0
EMP0393,54,40+,No,Travel_Rarely,821,Research & Development,5,2,Medical,1,522,1,Male,86,3,5,Research Director,1,Married,19406,High,8509,4,Y,No,11,3,3,80,1,24,4,2,4,2-5,2,1,2
EMP0394,34,30-40,No,Non-Travel,1381,Sales,4,4,Marketing,1,523,3,Female,72,3,2,Sales Executive,3,Married,6538,Medium,12740,9,Y,No,15,3,1,80,1,6,3,3,3,2-5,2,1,2
EMP0395,31,30-40,No,Travel_Rarely,480,Research & Development,7,2,Medical,1,524,2,Female,31,3,2,Manufacturing Director,1,Married,4306,Medium,4156,1,Y,No,12,3,2,80,1,13,5,1,13,10+,10,3,12
EMP0396,43,40+,No,Travel_Frequently,313,Research & Development,21,3,Medical,1,525,4,Male,61,3,1,Laboratory Technician,4,Married,2258,Low,15238,7,Y,No,20,4,1,80,1,8,1,3,3,2-5,2,1,2
EMP0397,43,40+,No,Travel_Rarely,1473,Research & Development,8,4,Other,1,526,3,Female,74,3,2,Healthcare Representative,3,Divorced,4522,Medium,2227,4,Y,Yes,14,3,4,80,0,8,3,3,5,2-5,2,0,2
EMP0398,25,Under 30,No,Travel_Rarely,891,Sales,4,2,Life Sciences,1,527,2,Female,99,2,2,Sales Executive,4,Single,4487,Medium,12090,1,Y,Yes,11,3,2,80,0,5,3,3,5,2-5,4,1,3
EMP0399,37,30-40,No,Non-Travel,1063,Research & Development,25,5,Medical,1,529,2,Female,72,3,2,Research Scientist,3,Married,4449,Medium,23866,3,Y,Yes,15,3,1,80,2,15,2,3,13,10+,11,10,7
EMP0400,31,30-40,No,Travel_Rarely,329,Research & Development,1,2,Life Sciences,1,530,4,Male,98,2,1,Laboratory Technician,1,Married,2218,Low,16193,1,Y,No,12,3,3,80,1,4,3,3,4,2-5,2,3,2
EMP0401,39,30-40,No,Travel_Frequently,1218,Research & Development,1,1,Life Sciences,1,531,2,Male,52,3,5,Manager,3,Divorced,19197,High,8213,1,Y,Yes,14,3,3,80,1,21,3,3,21,10+,8,1,6
EMP0402,56,40+,No,Travel_Frequently,906,Sales,6,3,Life Sciences,1,532,3,Female,86,4,4,Sales Executive,1,Married,13212,High,18256,9,Y,No,11,3,4,80,3,36,0,2,7,5-10,7,7,7
EMP0403,30,30-40,No,Travel_Rarely,1082,Sales,12,3,Technical Degree,1,533,2,Female,83,3,2,Sales Executive,3,Single,6577,Medium,19558,0,Y,No,11,3,2,80,0,6,6,3,5,2-5,4,4,4
EMP0404,41,40+,No,Travel_Rarely,645,Sales,1,3,Marketing,1,534,2,Male,49,4,3,Sales Executive,1,Married,8392,High,19566,1,Y,No,16,3,3,80,1,10,2,3,10,5-10,7,0,7
EMP0405,28,Under 30,No,Travel_Rarely,1300,Research & Development,17,2,Medical,1,536,3,Male,79,3,2,Laboratory Technician,1,Divorced,4558,Medium,13535,1,Y,No,12,3,4,80,1,10,2,3,10,5-10,0,1,8
EMP0406,25,Under 30,Yes,Travel_Rarely,688,Research & Development,3,3,Medical,1,538,1,Male,91,3,1,Laboratory Technician,1,Married,4031,Medium,9396,5,Y,No,13,3,3,80,1,6,5,3,2,2-5,2,0,2
EMP0407,52,40+,No,Travel_Rarely,319,Research & Development,3,3,Medical,1,543,4,Male,39,2,3,Manufacturing Director,3,Married,7969,High,19609,2,Y,Yes,14,3,3,80,0,28,4,3,5,2-5,4,0,4
EMP0408,45,40+,No,Travel_Rarely,192,Research & Development,10,2,Life Sciences,1,544,1,Male,69,3,1,Research Scientist,4,Married,2654,Low,9655,3,Y,No,21,4,4,80,2,8,3,2,2,2-5,2,0,2
EMP0409,52,40+,No,Travel_Rarely,1490,Research & Development,4,2,Life Sciences,1,546,4,Female,30,3,4,Manager,4,Married,16555,High,10310,2,Y,No,13,3,4,80,0,31,2,1,5,2-5,2,1,4
EMP0410,42,40+,No,Travel_Frequently,532,Research & Development,29,2,Life Sciences,1,547,1,Female,92,3,2,Research Scientist,3,Divorced,4556,Medium,12932,2,Y,No,11,3,2,80,1,19,3,3,5,2-5,4,0,2
EMP0411,30,30-40,No,Travel_Rarely,317,Research & Development,2,3,Life Sciences,1,548,3,Female,43,1,2,Manufacturing Director,4,Single,6091,Medium,24793,2,Y,No,20,4,3,80,0,11,2,3,5,2-5,4,0,2
EMP0412,60,40+,No,Travel_Rarely,422,Research & Development,7,3,Life Sciences,1,549,1,Female,41,3,5,Manager,1,Married,19566,High,3854,5,Y,No,11,3,4,80,0,33,5,1,29,10+,8,11,10
EMP0413,46,40+,No,Travel_Rarely,1485,Research & Development,18,3,Medical,1,550,3,Female,87,3,2,Manufacturing Director,3,Divorced,4810,Medium,26314,2,Y,No,14,3,3,80,1,19,5,2,10,5-10,7,0,8
EMP0414,42,40+,No,Travel_Frequently,1368,Research & Development,28,4,Technical Degree,1,551,4,Female,88,2,2,Healthcare Representative,4,Married,4523,Medium,4386,0,Y,No,11,3,4,80,3,7,4,4,6,5-10,5,0,4
EMP0415,24,Under 30,Yes,Travel_Rarely,1448,Sales,1,1,Technical Degree,1,554,1,Female,62,3,1,Sales Representative,2,Single,3202,Medium,21972,1,Y,Yes,16,3,2,80,0,6,4,3,5,2-5,3,1,4
EMP0416,34,30-40,Yes,Travel_Frequently,296,Sales,6,2,Marketing,1,555,4,Female,33,1,1,Sales Representative,3,Divorced,2351,Low,12253,0,Y,No,16,3,4,80,1,3,3,2,2,2-5,2,1,0
EMP0417,38,30-40,No,Travel_Frequently,1490,Research & Development,2,2,Life Sciences,1,556,4,Male,42,3,1,Laboratory Technician,4,Married,1702,Low,12106,1,Y,Yes,23,4,3,80,1,1,3,3,1,<2,0,0,0
EMP0418,40,30-40,No,Travel_Rarely,1398,Sales,2,4,Life Sciences,1,558,3,Female,79,3,5,Manager,3,Married,18041,High,13022,0,Y,No,14,3,4,80,0,21,2,3,20,10+,15,1,12
EMP0419,26,Under 30,No,Travel_Rarely,1349,Research & Development,23,3,Life Sciences,1,560,1,Female,90,3,1,Research Scientist,4,Divorced,2886,Low,3032,1,Y,No,22,4,2,80,2,3,3,1,3,2-5,2,0,2
EMP0420,30,30-40,No,Non-Travel,1400,Research & Development,3,3,Life Sciences,1,562,3,Male,53,3,1,Laboratory Technician,4,Married,2097,Low,16734,4,Y,No,15,3,3,80,1,9,3,1,5,2-5,3,1,4
EMP0421,29,Under 30,No,Travel_Rarely,986,Research & Development,3,4,Medical,1,564,2,Male,93,2,3,Research Director,3,Married,11935,High,21526,1,Y,No,18,3,3,80,0,10,2,3,10,5-10,2,0,7
EMP0422,29,Under 30,Yes,Travel_Rarely,408,Research & Development,25,5,Technical Degree,1,565,3,Female,71,2,1,Research Scientist,2,Married,2546,Low,18300,5,Y,No,16,3,2,80,0,6,2,4,2,2-5,2,1,1
EMP0423,19,Under 30,Yes,Travel_Rarely,489,Human Resources,2,2,Technical Degree,1,566,1,Male,52,2,1,Human Resources,4,Single,2564,Low,18437,1,Y,No,12,3,3,80,0,1,3,4,1,<2,0,0,0
EMP0424,30,30-40,No,Non-Travel,1398,Sales,22,4,Other,1,567,3,Female,69,3,3,Sales Executive,1,Married,8412,High,2890,0,Y,No,11,3,3,80,0,10,3,3,9,5-10,8,7,8
EMP0425,57,40+,No,Travel_Rarely,210,Sales,29,3,Marketing,1,568,1,Male,56,2,4,Manager,4,Divorced,14118,High,22102,3,Y,No,12,3,3,80,1,32,3,2,1,<2,0,0,0
EMP0426,50,40+,No,Travel_Rarely,1099,Research & Development,29,4,Life Sciences,1,569,2,Male,88,2,4,Manager,3,Married,17046,High,9314,0,Y,No,15,3,2,80,1,28,2,3,27,10+,10,15,7
EMP0427,30,30-40,No,Non-Travel,1116,Research & Development,2,3,Medical,1,571,3,Female,49,3,1,Laboratory Technician,4,Single,2564,Low,7181,0,Y,No,14,3,3,80,0,12,2,2,11,10+,7,6,7
EMP0428,60,40+,No,Travel_Frequently,1499,Sales,28,3,Marketing,1,573,3,Female,80,2,3,Sales Executive,1,Married,10266,High,2845,4,Y,No,19,3,4,80,0,22,5,4,18,10+,13,13,11
EMP0429,47,40+,No,Travel_Rarely,983,Research & Development,2,2,Medical,1,574,1,Female,65,3,2,Manufacturing Director,4,Divorced,5070,Medium,7389,5,Y,No,13,3,3,80,3,20,2,3,5,2-5,0,0,4
EMP0430,46,40+,No,Travel_Rarely,1009,Research & Development,2,3,Life Sciences,1,575,1,Male,51,3,4,Research Director,3,Married,17861,High,2288,6,Y,No,13,3,3,80,0,26,2,1,3,2-5,2,0,1
EMP0431,35,30-40,No,Travel_Rarely,144,Research & Development,22,3,Life Sciences,1,577,4,Male,46,1,1,Laboratory Technician,3,Single,4230,Medium,19225,0,Y,No,15,3,3,80,0,6,2,3,5,2-5,4,4,3
EMP0432,54,40+,No,Travel_Rarely,548,Research & Development,8,4,Life Sciences,1,578,3,Female,42,3,2,Laboratory Technician,3,Single,3780,Medium,23428,7,Y,No,11,3,3,80,0,19,3,3,1,<2,0,0,0
EMP0433,34,30-40,No,Travel_Rarely,1303,Research & Development,2,4,Life Sciences,1,579,4,Male,62,2,1,Research Scientist,3,Divorced,2768,Low,8416,3,Y,No,12,3,3,80,1,14,3,3,7,5-10,3,5,7
EMP0434,46,40+,No,Travel_Rarely,1125,Sales,10,3,Marketing,1,580,3,Female,94,2,3,Sales Executive,4,Married,9071,High,11563,2,Y,Yes,19,3,3,80,1,15,3,3,3,2-5,2,1,2
EMP0435,31,30-40,No,Travel_Rarely,1274,Research & Development,9,1,Life Sciences,1,581,3,Male,33,3,3,Manufacturing Director,2,Divorced,10648,High,14394,1,Y,No,25,4,4,80,1,13,6,4,13,10+,8,0,8
EMP0436,33,30-40,Yes,Travel_Rarely,1277,Research & Development,15,1,Medical,1,582,2,Male,56,3,3,Manager,3,Married,13610,High,24619,7,Y,Yes,12,3,4,80,0,15,2,4,7,5-10,6,7,7
EMP0437,33,30-40,Yes,Travel_Rarely,587,Research & Development,10,1,Medical,1,584,1,Male,38,1,1,Laboratory Technician,4,Divorced,3408,Medium,6705,7,Y,No,13,3,1,80,3,8,2,3,4,2-5,3,1,3
EMP0438,30,30-40,No,Travel_Rarely,413,Sales,7,1,Marketing,1,585,4,Male,57,3,1,Sales Representative,2,Single,2983,Low,18398,0,Y,No,14,3,1,80,0,4,3,3,3,2-5,2,1,2
EMP0439,35,30-40,No,Travel_Rarely,1276,Research & Development,16,3,Life Sciences,1,586,4,Male,72,3,3,Healthcare Representative,3,Married,7632,High,14295,4,Y,Yes,12,3,3,80,0,10,2,3,8,5-10,7,0,0
EMP0440,31,30-40,Yes,Travel_Frequently,534,Research & Development,20,3,Life Sciences,1,587,1,Male,66,3,3,Healthcare Representative,3,Married,9824,High,22908,3,Y,No,12,3,1,80,0,12,2,3,1,<2,0,0,0
EMP0441,34,30-40,Yes,Travel_Frequently,988,Human Resources,23,3,Human Resources,1,590,2,Female,43,3,3,Human Resources,1,Divorced,9950,High,11533,9,Y,Yes,15,3,3,80,3,11,2,3,3,2-5,2,0,2
EMP0442,42,40+,No,Travel_Frequently,1474,Research & Development,5,2,Other,1,591,2,Male,97,3,1,Laboratory Technician,3,Married,2093,Low,9260,4,Y,No,17,3,4,80,1,8,4,3,2,2-5,2,2,0
EMP0443,36,30-40,No,Non-Travel,635,Sales,10,4,Medical,1,592,2,Male,32,3,3,Sales Executive,4,Single,9980,High,15318,1,Y,No,14,3,4,80,0,10,3,2,10,5-10,3,9,7
EMP0444,22,Under 30,Yes,Travel_Frequently,1368,Research & Development,4,1,Technical Degree,1,593,3,Male,99,2,1,Laboratory Technician,3,Single,3894,Medium,9129,5,Y,No,16,3,3,80,0,4,3,3,2,2-5,2,1,2
EMP0445,48,40+,No,Travel_Rarely,163,Sales,2,5,Marketing,1,595,2,Female,37,3,2,Sales Executive,4,Married,4051,Medium,19658,2,Y,No,14,3,1,80,1,14,2,3,9,5-10,7,6,7
EMP0446,55,40+,No,Travel_Rarely,1117,Sales,18,5,Life Sciences,1,597,1,Female,83,3,4,Manager,2,Single,16835,High,9873,3,Y,No,23,4,4,80,0,37,2,3,10,5-10,9,7,7
EMP0447,41,40+,No,Non-Travel,267,Sales,10,2,Life Sciences,1,599,4,Male,56,3,2,Sales Executive,4,Single,6230,Medium,13430,7,Y,No,14,3,4,80,0,16,3,3,14,10+,3,1,10
EMP0448,35,30-40,No,Travel_Rarely,619,Sales,1,3,Marketing,1,600,2,Male,85,3,2,Sales Executive,3,Married,4717,Medium,18659,9,Y,No,11,3,3,80,0,15,2,3,11,10+,9,6,9
EMP0449,40,30-40,No,Travel_Rarely,302,Research & Development,6,3,Life Sciences,1,601,2,Female,75,3,4,Manufacturing Director,3,Single,13237,High,20364,7,Y,No,15,3,3,80,0,22,3,3,20,10+,6,5,13
EMP0450,39,30-40,No,Travel_Frequently,443,Research & Development,8,1,Life Sciences,1,602,3,Female,48,3,1,Laboratory Technician,3,Married,3755,Medium,17872,1,Y,No,11,3,1,80,1,8,3,3,8,5-10,3,0,7
EMP0451,31,30-40,No,Travel_Rarely,828,Sales,2,1,Life Sciences,1,604,2,Male,77,3,2,Sales Executive,4,Single,6582,Medium,8346,4,Y,Yes,13,3,3,80,0,10,2,4,6,5-10,5,0,5
EMP0452,42,40+,No,Travel_Rarely,319,Research & Development,24,3,Medical,1,605,4,Male,56,3,3,Manufacturing Director,1,Married,7406,High,6950,1,Y,Yes,21,4,4,80,1,10,5,2,10,5-10,9,5,8
EMP0453,45,40+,No,Travel_Rarely,561,Sales,2,3,Other,1,606,4,Male,61,3,2,Sales Executive,2,Married,4805,Medium,16177,0,Y,No,19,3,2,80,1,9,3,4,8,5-10,7,3,7
EMP0454,26,Under 30,Yes,Travel_Frequently,426,Human Resources,17,4,Life Sciences,1,608,2,Female,58,3,1,Human Resources,3,Divorced,2741,Low,22808,0,Y,Yes,11,3,2,80,1,8,2,2,7,5-10,7,1,0
EMP0455,29,Under 30,No,Travel_Rarely,232,Research & Development,19,3,Technical Degree,1,611,4,Male,34,3,2,Manufacturing Director,4,Divorced,4262,Medium,22645,4,Y,No,12,3,2,80,2,8,2,4,3,2-5,2,1,2
EMP0456,33,30-40,No,Travel_Rarely,922,Research & Development,1,5,Medical,1,612,1,Female,95,4,4,Research Director,3,Divorced,16184,High,22578,4,Y,No,19,3,3,80,1,10,2,3,6,5-10,1,0,5
EMP0457,31,30-40,No,Travel_Rarely,688,Sales,7,3,Life Sciences,1,613,3,Male,44,2,3,Manager,4,Divorced,11557,High,25291,9,Y,No,21,4,3,80,1,10,3,2,5,2-5,4,0,1
EMP0458,18,Under 30,Yes,Travel_Frequently,1306,Sales,5,3,Marketing,1,614,2,Male,69,3,1,Sales Representative,2,Single,1878,Low,8059,1,Y,Yes,14,3,4,80,0,0,3,3,0,<2,0,0,0
EMP0459,40,30-40,No,Non-Travel,1094,Sales,28,3,Other,1,615,3,Male,58,1,3,Sales Executive,1,Divorced,10932,High,11373,3,Y,No,15,3,3,80,1,20,2,3,1,<2,0,0,1
EMP0460,41,40+,No,Non-Travel,509,Research & Development,2,4,Other,1,616,1,Female,62,2,2,Healthcare Representative,3,Single,6811,Medium,2112,2,Y,Yes,17,3,1,80,0,10,3,3,8,5-10,7,0,7
EMP0461,26,Under 30,No,Travel_Rarely,775,Sales,29,2,Medical,1,618,1,Male,45,3,2,Sales Executive,3,Divorced,4306,Medium,4267,5,Y,No,12,3,1,80,2,8,5,3,0,<2,0,0,0
EMP0462,35,30-40,No,Travel_Rarely,195,Sales,1,3,Medical,1,620,1,Female,80,3,2,Sales Executive,3,Single,4859,Medium,6698,1,Y,No,16,3,4,80,0,5,3,3,5,2-5,4,0,3
EMP0463,34,30-40,No,Travel_Rarely,258,Sales,21,4,Life Sciences,1,621,4,Male,74,4,2,Sales Executive,4,Single,5337,Medium,19921,1,Y,No,12,3,4,80,0,10,3,3,10,5-10,7,5,7
EMP0464,26,Under 30,Yes,Travel_Rarely,471,Research & Development,24,3,Technical Degree,1,622,3,Male,66,1,1,Laboratory Technician,4,Single,2340,Low,23213,1,Y,Yes,18,3,2,80,0,1,3,1,1,<2,0,0,0
EMP0465,37,30-40,No,Travel_Rarely,799,Research & Development,1,3,Technical Degree,1,623,2,Female,59,3,3,Manufacturing Director,4,Single,7491,High,23848,4,Y,No,17,3,4,80,0,12,3,4,6,5-10,5,1,2
EMP0466,46,40+,No,Travel_Frequently,1034,Research & Development,18,1,Medical,1,624,1,Female,86,3,3,Healthcare Representative,3,Married,10527,High,8984,5,Y,No,11,3,4,80,0,28,3,2,2,2-5,2,1,2
EMP0467,41,40+,No,Travel_Rarely,1276,Sales,2,5,Life Sciences,1,625,2,Female,91,3,4,Manager,1,Married,16595,High,5626,7,Y,No,16,3,2,80,1,22,2,3,18,10+,16,11,8
EMP0468,37,30-40,No,Non-Travel,142,Sales,9,4,Medical,1,626,1,Male,69,3,3,Sales Executive,2,Divorced,8834,High,24666,1,Y,No,13,3,4,80,1,9,6,3,9,5-10,5,7,7
EMP0469,52,40+,No,Travel_Rarely,956,Research & Development,6,2,Technical Degree,1,630,4,Male,78,3,2,Research Scientist,1,Divorced,5577,Medium,22087,3,Y,Yes,12,3,2,80,2,18,3,3,10,5-10,9,6,9
EMP0470,32,30-40,Yes,Non-Travel,1474,Sales,11,4,Other,1,631,4,Male,60,4,2,Sales Executive,3,Married,4707,Medium,23914,8,Y,No,12,3,4,80,0,6,2,3,4,2-5,2,1,2
EMP0471,24,Under 30,No,Travel_Frequently,535,Sales,24,3,Medical,1,632,4,Male,38,3,1,Sales Representative,4,Married,2400,Low,5530,0,Y,No,13,3,3,80,2,3,3,3,2,2-5,2,2,1
EMP0472,38,30-40,No,Travel_Rarely,1495,Research & Development,10,3,Medical,1,634,3,Female,76,3,2,Healthcare Representative,3,Married,9824,High,22174,3,Y,No,19,3,3,80,1,18,4,3,1,<2,0,0,0
EMP0473,37,30-40,No,Travel_Rarely,446,Research & Development,1,4,Life Sciences,1,635,2,Female,65,3,2,Manufacturing Director,2,Married,6447,Medium,15701,6,Y,No,12,3,2,80,1,8,2,2,6,5-10,5,4,3
EMP0474,49,40+,No,Travel_Rarely,1245,Research & Development,18,4,Life Sciences,1,638,4,Male,58,2,5,Research Director,3,Divorced,19502,High,2125,1,Y,Yes,17,3,3,80,1,31,5,3,31,10+,9,0,9
EMP0475,24,Under 30,No,Travel_Rarely,691,Research & Development,23,3,Medical,1,639,2,Male,89,4,1,Research Scientist,4,Married,2725,Low,21630,1,Y,Yes,11,3,2,80,2,6,3,3,6,5-10,5,1,4
EMP0476,26,Under 30,No,Travel_Rarely,703,Sales,28,2,Marketing,1,641,1,Male,66,3,2,Sales Executive,2,Married,6272,Medium,7428,1,Y,No,20,4,4,80,2,6,5,4,5,2-5,3,1,4
EMP0477,24,Under 30,No,Travel_Rarely,823,Research & Development,17,2,Other,1,643,4,Male,94,2,1,Laboratory Technician,2,Married,2127,Low,9100,1,Y,No,21,4,4,80,1,1,2,3,1,<2,0,0,0
EMP0478,50,40+,No,Travel_Frequently,1246,Human Resources,3,3,Medical,1,644,1,Male,99,3,5,Manager,2,Married,18200,High,7999,1,Y,No,11,3,3,80,1,32,2,3,32,10+,5,10,7
EMP0479,25,Under 30,No,Travel_Rarely,622,Sales,13,1,Medical,1,645,2,Male,40,3,1,Sales Representative,3,Married,2096,Low,26376,1,Y,No,11,3,3,80,0,7,1,3,7,5-10,4,0,6
EMP0480,24,Under 30,Yes,Travel_Frequently,1287,Research & Development,7,3,Life Sciences,1,647,1,Female,55,3,1,Laboratory Technician,3,Married,2886,Low,14168,1,Y,Yes,16,3,4,80,1,6,4,3,6,5-10,3,1,2
EMP0481,30,30-40,Yes,Travel_Frequently,448,Sales,12,4,Life Sciences,1,648,2,Male,74,2,1,Sales Representative,1,Married,2033,Low,14470,1,Y,No,18,3,3,80,1,1,2,4,1,<2,0,0,0
EMP0482,34,30-40,No,Travel_Rarely,254,Research & Development,1,2,Life Sciences,1,649,2,Male,83,2,1,Research Scientist,4,Married,3622,Medium,22794,1,Y,Yes,13,3,4,80,1,6,3,3,6,5-10,5,1,3
EMP0483,31,30-40,Yes,Travel_Rarely,1365,Sales,13,4,Medical,1,650,2,Male,46,3,2,Sales Executive,1,Divorced,4233,Medium,11512,2,Y,No,17,3,3,80,0,9,2,1,3,2-5,1,1,2
EMP0484,35,30-40,No,Travel_Rarely,538,Research & Development,25,2,Other,1,652,1,Male,54,2,2,Laboratory Technician,4,Single,3681,Medium,14004,4,Y,No,14,3,4,80,0,9,3,3,3,2-5,2,0,2
EMP0485,31,30-40,No,Travel_Rarely,525,Sales,6,4,Medical,1,653,1,Male,66,4,2,Sales Executive,4,Divorced,5460,Medium,6219,4,Y,No,22,4,4,80,2,13,4,4,7,5-10,7,5,7
EMP0486,27,Under 30,No,Travel_Rarely,798,Research & Development,6,4,Medical,1,655,1,Female,66,2,1,Research Scientist,3,Divorced,2187,Low,5013,0,Y,No,12,3,3,80,2,6,5,2,5,2-5,3,0,3
EMP0487,37,30-40,No,Travel_Rarely,558,Sales,2,3,Marketing,1,656,4,Male,75,3,2,Sales Executive,3,Married,9602,High,3010,4,Y,Yes,11,3,3,80,1,17,3,2,3,2-5,0,1,0
EMP0488,20,Under 30,No,Travel_Rarely,959,Research & Development,1,3,Life Sciences,1,657,4,Female,83,2,1,Research Scientist,2,Single,2836,Low,11757,1,Y,No,13,3,4,80,0,1,0,4,1,<2,0,0,0
EMP0489,42,40+,No,Travel_Rarely,622,Research & Development,2,4,Life Sciences,1,659,3,Female,81,3,2,Healthcare Representative,4,Married,4089,Medium,5718,1,Y,No,13,3,2,80,2,10,4,3,10,5-10,2,2,2
EMP0490,43,40+,No,Travel_Rarely,782,Research & Development,6,4,Other,1,661,2,Male,50,2,4,Research Director,4,Divorced,16627,High,2671,4,Y,Yes,14,3,3,80,1,21,3,2,1,<2,0,0,0
EMP0491,38,30-40,No,Travel_Rarely,362,Research & Development,1,1,Life Sciences,1,662,3,Female,43,3,1,Research Scientist,1,Single,2619,Low,14561,3,Y,No,17,3,4,80,0,8,3,2,0,<2,0,0,0
EMP0492,43,40+,No,Travel_Frequently,1001,Research & Development,9,5,Medical,1,663,4,Male,72,3,2,Laboratory Technician,3,Divorced,5679,Medium,19627,3,Y,Yes,13,3,2,80,1,10,3,3,8,5-10,7,4,7
EMP0493,48,40+,No,Travel_Rarely,1236,Research & Development,1,4,Life Sciences,1,664,4,Female,40,2,4,Manager,1,Married,15402,High,17997,7,Y,No,11,3,1,80,1,21,3,1,3,2-5,2,0,2
EMP0494,44,40+,No,Travel_Rarely,1112,Human Resources,1,4,Life Sciences,1,665,1,Female,50,2,2,Human Resources,3,Single,5985,Medium,26894,4,Y,No,11,3,2,80,0,10,1,4,2,2-5,2,0,2
EMP0495,34,30-40,No,Travel_Rarely,204,Sales,14,3,Technical Degree,1,666,3,Female,31,3,1,Sales Representative,3,Divorced,2579,Low,2912,1,Y,Yes,18,3,4,80,2,8,3,3,8,5-10,2,0,6
EMP0496,27,Under 30,Yes,Travel_Rarely,1420,Sales,2,1,Marketing,1,667,3,Male,85,3,1,Sales Representative,1,Divorced,3041,Medium,16346,0,Y,No,11,3,2,80,1,5,3,3,4,2-5,3,0,2
EMP0497,21,Under 30,No,Travel_Rarely,1343,Sales,22,1,Technical Degree,1,669,3,Male,49,3,1,Sales Representative,3,Single,3447,Medium,24444,1,Y,No,11,3,3,80,0,3,2,3,3,2-5,2,1,2
EMP0498,44,40+,No,Travel_Rarely,1315,Research & Development,3,4,Other,1,671,4,Male,35,3,5,Manager,4,Married,19513,High,9358,4,Y,Yes,12,3,1,80,1,26,2,4,2,2-5,2,0,1
EMP0499,22,Under 30,No,Travel_Rarely,604,Research & Development,6,1,Medical,1,675,1,Male,69,3,1,Research Scientist,3,Married,2773,Low,12145,0,Y,No,20,4,4,80,0,3,3,3,2,2-5,2,2,2
EMP0500,33,30-40,No,Travel_Rarely,1216,Sales,8,4,Marketing,1,677,3,Male,39,3,2,Sales Executive,3,Divorced,7104,High,20431,0,Y,No,12,3,4,80,0,6,3,3,5,2-5,0,1,2
EMP0501,32,30-40,No,Travel_Rarely,646,Research & Development,9,4,Life Sciences,1,679,1,Female,92,3,2,Research Scientist,4,Married,6322,Medium,18089,1,Y,Yes,12,3,4,80,1,6,2,2,6,5-10,4,0,5
EMP0502,30,30-40,No,Travel_Frequently,160,Research & Development,3,3,Medical,1,680,3,Female,71,3,1,Research Scientist,3,Divorced,2083,Low,22653,1,Y,No,20,4,3,80,1,1,2,3,1,<2,0,0,0
EMP0503,53,40+,No,Travel_Rarely,238,Sales,1,1,Medical,1,682,4,Female,34,3,2,Sales Executive,1,Single,8381,High,7507,7,Y,No,20,4,4,80,0,18,2,4,14,10+,7,8,10
EMP0504,34,30-40,No,Travel_Rarely,1397,Research & Development,1,5,Life Sciences,1,683,2,Male,42,3,1,Research Scientist,4,Married,2691,Low,7660,1,Y,No,12,3,4,80,1,10,4,2,10,5-10,9,8,8
EMP0505,45,40+,Yes,Travel_Frequently,306,Sales,26,4,Life Sciences,1,684,1,Female,100,3,2,Sales Executive,1,Married,4286,Medium,5630,2,Y,No,14,3,4,80,2,5,4,3,1,<2,1,0,0
EMP0506,26,Under 30,No,Travel_Rarely,991,Research & Development,6,3,Life Sciences,1,686,3,Female,71,3,1,Laboratory Technician,4,Married,2659,Low,17759,1,Y,Yes,13,3,3,80,1,3,2,3,3,2-5,2,0,2
EMP0507,37,30-40,No,Travel_Rarely,482,Research & Development,3,3,Other,1,689,3,Male,36,3,3,Manufacturing Director,3,Married,9434,High,9606,1,Y,No,15,3,3,80,1,10,2,3,10,5-10,7,7,8
EMP0508,29,Under 30,No,Travel_Rarely,1176,Sales,3,2,Medical,1,690,2,Female,62,3,2,Sales Executive,3,Married,5561,Medium,3487,1,Y,No,14,3,1,80,1,6,5,2,6,5-10,0,1,2
EMP0509,35,30-40,No,Travel_Rarely,1017,Research & Development,6,4,Life Sciences,1,691,2,Male,82,1,2,Research Scientist,4,Single,6646,Medium,19368,1,Y,No,13,3,2,80,0,17,3,3,17,10+,11,11,8
EMP0510,33,30-40,No,Travel_Frequently,1296,Research & Development,6,3,Life Sciences,1,692,3,Male,30,3,2,Healthcare Representative,4,Divorced,7725,High,5335,3,Y,No,23,4,3,80,1,15,2,1,13,10+,11,4,7
EMP0511,54,40+,No,Travel_Rarely,397,Human Resources,19,4,Medical,1,698,3,Male,88,3,3,Human Resources,2,Married,10725,High,6729,2,Y,No,15,3,3,80,1,16,1,4,9,5-10,7,7,1
EMP0512,36,30-40,No,Travel_Rarely,913,Research & Development,9,2,Medical,1,699,2,Male,48,2,2,Manufacturing Director,2,Divorced,8847,High,13934,2,Y,Yes,11,3,3,80,1,13,2,3,3,2-5,2,0,2
EMP0513,27,Under 30,No,Travel_Rarely,1115,Research & Development,3,4,Medical,1,700,1,Male,54,2,1,Research Scientist,4,Single,2045,Low,15174,0,Y,No,13,3,4,80,0,5,0,3,4,2-5,2,1,1
EMP0514,20,Under 30,Yes,Travel_Rarely,1362,Research & Development,10,1,Medical,1,701,4,Male,32,3,1,Research Scientist,3,Single,1009,Low,26999,1,Y,Yes,11,3,4,80,0,1,5,3,1,<2,0,1,1
EMP0515,33,30-40,Yes,Travel_Frequently,1076,Research & Development,3,3,Life Sciences,1,702,1,Male,70,3,1,Research Scientist,1,Single,3348,Medium,3164,1,Y,Yes,11,3,1,80,0,10,3,3,10,5-10,8,9,7
EMP0516,35,30-40,No,Non-Travel,727,Research & Development,3,3,Life Sciences,1,704,3,Male,41,2,1,Laboratory Technician,3,Married,1281,Low,16900,1,Y,No,18,3,3,80,2,1,3,3,1,<2,0,0,0
EMP0517,23,Under 30,No,Travel_Rarely,885,Research & Development,4,3,Medical,1,705,1,Male,58,4,1,Research Scientist,1,Married,2819,Low,8544,2,Y,No,16,3,1,80,1,5,3,4,3,2-5,2,0,2
EMP0518,25,Under 30,No,Travel_Rarely,810,Sales,8,3,Life Sciences,1,707,4,Male,57,4,2,Sales Executive,2,Married,4851,Medium,15678,0,Y,No,22,4,3,80,1,4,4,3,3,2-5,2,1,2
EMP0519,38,30-40,No,Travel_Rarely,243,Sales,7,4,Marketing,1,709,4,Female,46,2,2,Sales Executive,4,Single,4028,Medium,7791,0,Y,No,20,4,1,80,0,8,2,3,7,5-10,7,0,5
EMP0520,29,Under 30,No,Travel_Frequently,806,Research & Development,1,4,Life Sciences,1,710,2,Male,76,1,1,Research Scientist,4,Divorced,2720,Low,18959,1,Y,No,18,3,4,80,1,10,5,3,10,5-10,7,2,8
EMP0521,48,40+,No,Travel_Rarely,817,Sales,2,1,Marketing,1,712,2,Male,56,4,2,Sales Executive,2,Married,8120,High,18597,3,Y,No,12,3,4,80,0,12,3,3,2,2-5,2,2,2
EMP0522,27,Under 30,No,Travel_Frequently,1410,Sales,3,1,Medical,1,714,4,Female,71,4,2,Sales Executive,4,Divorced,4647,Medium,16673,1,Y,Yes,20,4,2,80,2,6,3,3,6,5-10,5,0,4
EMP0523,37,30-40,No,Travel_Rarely,1225,Research & Development,10,2,Life Sciences,1,715,4,Male,80,4,1,Research Scientist,4,Single,4680,Medium,15232,3,Y,No,17,3,1,80,0,4,2,3,1,<2,0,0,0
EMP0524,50,40+,No,Travel_Rarely,1207,Research & Development,28,1,Medical,1,716,4,Male,74,4,1,Laboratory Technician,3,Married,3221,Medium,3297,1,Y,Yes,11,3,3,80,3,20,3,3,20,10+,8,3,8
EMP0525,34,30-40,No,Travel_Rarely,1442,Research & Development,9,3,Medical,1,717,4,Female,46,2,3,Healthcare Representative,2,Single,8621,High,17654,1,Y,No,14,3,2,80,0,9,3,4,8,5-10,7,7,7
EMP0526,24,Under 30,Yes,Travel_Rarely,693,Sales,3,2,Life Sciences,1,720,1,Female,65,3,2,Sales Executive,3,Single,4577,Medium,24785,9,Y,No,14,3,1,80,0,4,3,3,2,2-5,2,2,0
EMP0527,39,30-40,No,Travel_Rarely,408,Research & Development,2,4,Technical Degree,1,721,4,Female,80,2,2,Healthcare Representative,3,Single,4553,Medium,20978,1,Y,No,11,3,1,80,0,20,4,3,20,10+,7,11,10
EMP0528,32,30-40,No,Travel_Rarely,929,Sales,10,3,Marketing,1,722,4,Male,55,3,2,Sales Executive,4,Single,5396,Medium,21703,1,Y,No,12,3,4,80,0,10,2,2,10,5-10,7,0,8
EMP0529,50,40+,Yes,Travel_Frequently,562,Sales,8,2,Technical Degree,1,723,2,Male,50,3,2,Sales Executive,3,Married,6796,Medium,23452,3,Y,Yes,14,3,1,80,1,18,4,3,4,2-5,3,1,3
EMP0530,38,30-40,No,Travel_Rarely,827,Research & Development,1,4,Life Sciences,1,724,2,Female,33,4,2,Healthcare Representative,4,Single,7625,High,19383,0,Y,No,13,3,3,80,0,10,4,2,9,5-10,7,1,8
EMP0531,27,Under 30,No,Travel_Rarely,608,Research & Development,1,2,Life Sciences,1,725,3,Female,68,3,3,Manufacturing Director,1,Married,7412,High,6009,1,Y,No,11,3,4,80,0,9,3,3,9,5-10,7,0,7
EMP0532,32,30-40,No,Travel_Rarely,1018,Research & Development,3,2,Life Sciences,1,727,3,Female,39,3,3,Research Director,4,Single,11159,High,19373,3,Y,No,15,3,4,80,0,10,6,3,7,5-10,7,7,7
EMP0533,47,40+,No,Travel_Rarely,703,Sales,14,4,Marketing,1,728,4,Male,42,3,2,Sales Executive,1,Single,4960,Medium,11825,2,Y,No,12,3,4,80,0,20,2,3,7,5-10,7,1,7
EMP0534,40,30-40,No,Travel_Frequently,580,Sales,5,4,Life Sciences,1,729,4,Male,48,2,3,Sales Executive,1,Married,10475,High,23772,5,Y,Yes,21,4,3,80,1,20,2,3,18,10+,13,1,12
EMP0535,53,40+,No,Travel_Rarely,970,Research & Development,7,3,Life Sciences,1,730,3,Male,59,4,4,Research Director,3,Married,14814,High,13514,3,Y,No,19,3,3,80,0,32,3,3,5,2-5,1,1,3
EMP0536,41,40+,No,Travel_Rarely,427,Human Resources,10,4,Human Resources,1,731,2,Male,73,2,5,Manager,4,Divorced,19141,High,8861,3,Y,No,15,3,2,80,3,23,2,2,21,10+,6,12,6
EMP0537,60,40+,No,Travel_Rarely,1179,Sales,16,4,Marketing,1,732,1,Male,84,3,2,Sales Executive,1,Single,5405,Medium,11924,8,Y,No,14,3,4,80,0,10,1,3,2,2-5,2,2,2
EMP0538,27,Under 30,No,Travel_Frequently,294,Research & Development,10,2,Life Sciences,1,733,4,Male,32,3,3,Manufacturing Director,1,Divorced,8793,High,4809,1,Y,No,21,4,3,80,2,9,4,2,9,5-10,7,1,7
EMP0539,41,40+,No,Travel_Rarely,314,Human Resources,1,3,Human Resources,1,734,4,Male,59,2,5,Manager,3,Married,19189,High,19562,1,Y,No,12,3,2,80,1,22,3,3,22,10+,7,2,10
EMP0540,50,40+,No,Travel_Rarely,316,Sales,8,4,Marketing,1,738,4,Male,54,3,1,Sales Representative,2,Married,3875,Medium,9983,7,Y,No,15,3,4,80,1,4,2,3,2,2-5,2,2,2
EMP0541,28,Under 30,Yes,Travel_Rarely,654,Research & Development,1,2,Life Sciences,1,741,1,Female,67,1,1,Research Scientist,2,Single,2216,Low,3872,7,Y,Yes,13,3,4,80,0,10,4,3,7,5-10,7,3,7
EMP0542,36,30-40,No,Non-Travel,427,Research & Development,8,3,Life Sciences,1,742,1,Female,63,4,3,Research Director,1,Married,11713,High,20335,9,Y,No,14,3,1,80,1,10,2,3,8,5-10,7,0,5
EMP0543,38,30-40,No,Travel_Rarely,168,Research & Development,1,3,Life Sciences,1,743,3,Female,81,3,3,Manufacturing Director,3,Single,7861,High,15397,4,Y,Yes,14,3,4,80,0,10,4,4,1,<2,0,0,0
EMP0544,44,40+,No,Non-Travel,381,Research & Development,24,3,Medical,1,744,1,Male,49,1,1,Laboratory Technician,3,Single,3708,Medium,2104,2,Y,No,14,3,3,80,0,9,5,3,5,2-5,2,1,4
EMP0545,47,40+,No,Travel_Frequently,217,Sales,3,3,Medical,1,746,4,Female,49,3,4,Sales Executive,3,Divorced,13770,High,10225,9,Y,Yes,12,3,4,80,2,28,2,2,22,10+,2,11,13
EMP0546,30,30-40,No,Travel_Rarely,501,Sales,27,5,Marketing,1,747,3,Male,99,3,2,Sales Executive,4,Divorced,5304,Medium,25275,7,Y,No,23,4,4,80,1,10,2,2,8,5-10,7,7,7
EMP0547,29,Under 30,No,Travel_Rarely,1396,Sales,10,3,Life Sciences,1,749,3,Male,99,3,1,Sales Representative,3,Single,2642,Low,2755,1,Y,No,11,3,3,80,0,1,6,3,1,<2,0,0,0
EMP0548,42,40+,Yes,Travel_Frequently,933,Research & Development,19,3,Medical,1,752,3,Male,57,4,1,Research Scientist,3,Divorced,2759,Low,20366,6,Y,Yes,12,3,4,80,0,7,2,3,2,2-5,2,2,2
EMP0549,43,40+,No,Travel_Frequently,775,Sales,15,3,Life Sciences,1,754,4,Male,47,2,2,Sales Executive,4,Married,6804,Medium,23683,3,Y,No,18,3,3,80,1,7,5,3,2,2-5,2,2,2
EMP0550,34,30-40,No,Travel_Rarely,970,Research & Development,8,2,Medical,1,757,2,Female,96,3,2,Healthcare Representative,3,Single,6142,Medium,7360,3,Y,No,11,3,4,80,0,10,2,3,5,2-5,1,4,3
EMP0551,23,Under 30,No,Travel_Rarely,650,Research & Development,9,1,Medical,1,758,2,Male,37,3,1,Laboratory Technician,1,Married,2500,Low,4344,1,Y,No,14,3,4,80,1,5,2,4,4,2-5,3,0,2
EMP0552,39,30-40,No,Travel_Rarely,141,Human Resources,3,3,Human Resources,1,760,3,Female,44,4,2,Human Resources,2,Married,6389,Medium,18767,9,Y,No,15,3,3,80,1,12,3,1,8,5-10,3,3,6
EMP0553,56,40+,No,Travel_Rarely,832,Research & Development,9,3,Medical,1,762,3,Male,81,3,4,Healthcare Representative,4,Married,11103,High,20420,7,Y,No,11,3,3,80,0,30,1,2,10,5-10,7,1,1
EMP0554,40,30-40,No,Travel_Rarely,804,Research & Development,2,1,Medical,1,763,4,Female,86,2,1,Research Scientist,4,Single,2342,Low,22929,0,Y,Yes,20,4,4,80,0,5,2,2,4,2-5,2,2,3
EMP0555,27,Under 30,No,Travel_Rarely,975,Research & Development,7,3,Medical,1,764,4,Female,55,2,2,Healthcare Representative,1,Single,6811,Medium,23398,8,Y,No,19,3,1,80,0,9,2,1,7,5-10,6,0,7
EMP0556,29,Under 30,No,Travel_Rarely,1090,Sales,10,3,Marketing,1,766,4,Male,83,3,1,Sales Representative,2,Divorced,2297,Low,17967,1,Y,No,14,3,4,80,2,2,2,3,2,2-5,2,2,2
EMP0557,53,40+,No,Travel_Rarely,346,Research & Development,6,3,Life Sciences,1,769,4,Male,86,3,2,Laboratory Technician,4,Single,2450,Low,10919,2,Y,No,17,3,4,80,0,19,4,3,2,2-5,2,2,2
EMP0558,35,30-40,No,Non-Travel,1225,Research & Development,2,4,Life Sciences,1,771,4,Female,61,3,2,Healthcare Representative,1,Divorced,5093,Medium,4761,2,Y,No,11,3,1,80,1,16,2,4,1,<2,0,0,0
EMP0559,32,30-40,No,Travel_Frequently,430,Research & Development,24,4,Life Sciences,1,772,1,Male,80,3,2,Laboratory Technician,4,Married,5309,Medium,21146,1,Y,No,15,3,4,80,2,10,2,3,10,5-10,8,4,7
EMP0560,38,30-40,No,Travel_Rarely,268,Research & Development,2,5,Medical,1,773,4,Male,92,3,1,Research Scientist,3,Married,3057,Medium,20471,6,Y,Yes,13,3,2,80,1,6,0,1,1,<2,0,0,1
EMP0561,34,30-40,No,Travel_Rarely,167,Research & Development,8,5,Life Sciences,1,775,2,Female,32,3,2,Manufacturing Director,1,Divorced,5121,Medium,4187,3,Y,No,14,3,3,80,1,7,3,3,0,<2,0,0,0
EMP0562,52,40+,No,Travel_Rarely,621,Sales,3,4,Marketing,1,776,3,Male,31,2,4,Manager,1,Married,16856,High,10084,1,Y,No,11,3,1,80,0,34,3,4,34,10+,6,1,16
EMP0563,33,30-40,Yes,Travel_Rarely,527,Research & Development,1,4,Other,1,780,4,Male,63,3,1,Research Scientist,4,Single,2686,Low,5207,1,Y,Yes,13,3,3,80,0,10,2,2,10,5-10,9,7,8
EMP0564,25,Under 30,No,Travel_Rarely,883,Sales,26,1,Medical,1,781,3,Female,32,3,2,Sales Executive,4,Single,6180,Medium,22807,1,Y,No,23,4,2,80,0,6,5,2,6,5-10,5,1,4
EMP0565,45,40+,No,Travel_Rarely,954,Sales,2,2,Technical Degree,1,783,2,Male,46,1,2,Sales Representative,3,Single,6632,Medium,12388,0,Y,No,13,3,1,80,0,9,3,3,8,5-10,7,3,1
EMP0566,23,Under 30,No,Travel_Rarely,310,Research & Development,10,1,Medical,1,784,1,Male,79,4,1,Research Scientist,3,Single,3505,Medium,19630,1,Y,No,18,3,4,80,0,2,3,3,2,2-5,2,0,2
EMP0567,47,40+,Yes,Travel_Frequently,719,Sales,27,2,Life Sciences,1,785,2,Female,77,4,2,Sales Executive,3,Single,6397,Medium,10339,4,Y,Yes,12,3,4,80,0,8,2,3,5,2-5,4,1,3
EMP0568,34,30-40,No,Travel_Rarely,304,Sales,2,3,Other,1,786,4,Male,60,3,2,Sales Executive,4,Single,6274,Medium,18686,1,Y,No,22,4,3,80,0,6,5,3,6,5-10,5,1,4
EMP0569,55,40+,Yes,Travel_Rarely,725,Research & Development,2,3,Medical,1,787,4,Male,78,3,5,Manager,1,Married,19859,High,21199,5,Y,Yes,13,3,4,80,1,24,2,3,5,2-5,2,1,4
EMP0570,36,30-40,No,Non-Travel,1434,Sales,8,4,Life Sciences,1,789,1,Male,76,2,3,Sales Executive,1,Single,7587,High,14229,1,Y,No,15,3,2,80,0,10,1,3,10,5-10,7,0,9
EMP0571,52,40+,No,Non-Travel,715,Research & Development,19,4,Medical,1,791,4,Male,41,3,1,Research Scientist,4,Married,4258,Medium,26589,0,Y,No,18,3,1,80,1,5,3,3,4,2-5,3,1,2
EMP0572,26,Under 30,No,Travel_Frequently,575,Research & Development,1,2,Life Sciences,1,792,1,Female,71,1,1,Laboratory Technician,4,Divorced,4364,Medium,5288,3,Y,No,14,3,1,80,1,5,2,3,2,2-5,2,2,0
EMP0573,29,Under 30,No,Travel_Rarely,657,Research & Development,27,3,Medical,1,793,2,Female,66,3,2,Healthcare Representative,3,Married,4335,Medium,25549,4,Y,No,12,3,1,80,1,11,3,2,8,5-10,7,1,1
EMP0574,26,Under 30,Yes,Travel_Rarely,1146,Sales,8,3,Technical Degree,1,796,4,Male,38,2,2,Sales Executive,1,Single,5326,Medium,3064,6,Y,No,17,3,3,80,0,6,2,2,4,2-5,3,1,2
EMP0575,34,30-40,No,Travel_Rarely,182,Research & Development,1,4,Life Sciences,1,797,2,Female,72,4,1,Research Scientist,4,Single,3280,Medium,13551,2,Y,No,16,3,3,80,0,10,2,3,4,2-5,2,1,3
EMP0576,54,40+,No,Travel_Rarely,376,Research & Development,19,4,Medical,1,799,4,Female,95,3,2,Manufacturing Director,1,Divorced,5485,Medium,22670,9,Y,Yes,11,3,2,80,2,9,4,3,5,2-5,3,1,4
EMP0577,27,Under 30,No,Travel_Frequently,829,Sales,8,1,Marketing,1,800,3,Male,84,3,2,Sales Executive,4,Married,4342,Medium,24008,0,Y,No,19,3,2,80,1,5,3,3,4,2-5,2,1,1
EMP0578,37,30-40,No,Travel_Rarely,571,Research & Development,10,1,Life Sciences,1,802,4,Female,82,3,1,Research Scientist,1,Divorced,2782,Low,19905,0,Y,Yes,13,3,2,80,2,6,3,2,5,2-5,3,4,3
EMP0579,38,30-40,No,Travel_Frequently,240,Research & Development,2,4,Life Sciences,1,803,1,Female,75,4,2,Manufacturing Director,1,Single,5980,Medium,26085,6,Y,Yes,12,3,4,80,0,17,2,3,15,10+,7,4,12
EMP0580,34,30-40,No,Travel_Rarely,121,Research & Development,2,4,Medical,1,804,3,Female,86,2,1,Research Scientist,1,Single,4381,Medium,7530,1,Y,No,11,3,3,80,0,6,3,3,6,5-10,5,1,3
EMP0581,35,30-40,No,Travel_Rarely,384,Sales,8,4,Life Sciences,1,805,1,Female,72,3,1,Sales Representative,4,Married,2572,Low,20317,1,Y,No,16,3,2,80,1,3,1,2,3,2-5,2,0,2
EMP0582,30,30-40,No,Travel_Rarely,921,Research & Development,1,3,Life Sciences,1,806,4,Male,38,1,1,Laboratory Technician,3,Married,3833,Medium,24375,3,Y,No,21,4,3,80,2,7,2,3,2,2-5,2,0,2
EMP0583,40,30-40,No,Travel_Frequently,791,Research & Development,2,2,Medical,1,807,3,Female,38,4,2,Healthcare Representative,2,Married,4244,Medium,9931,1,Y,No,24,4,4,80,1,8,2,3,8,5-10,7,3,7
EMP0584,34,30-40,No,Travel_Rarely,1111,Sales,8,2,Life Sciences,1,808,3,Female,93,3,2,Sales Executive,1,Married,6500,Medium,13305,5,Y,No,17,3,2,80,1,6,1,3,3,2-5,2,1,2
EMP0585,42,40+,No,Travel_Frequently,570,Research & Development,8,3,Life Sciences,1,809,2,Male,66,3,5,Manager,4,Divorced,18430,High,16225,1,Y,No,13,3,2,80,1,24,4,2,24,10+,7,14,9
EMP0586,23,Under 30,Yes,Travel_Rarely,1243,Research & Development,6,3,Life Sciences,1,811,3,Male,63,4,1,Laboratory Technician,1,Married,1601,Low,3445,1,Y,Yes,21,4,3,80,2,1,2,3,0,<2,0,0,0
EMP0587,24,Under 30,No,Non-Travel,1092,Research & Development,9,3,Life Sciences,1,812,3,Male,60,2,1,Laboratory Technician,2,Divorced,2694,Low,26551,1,Y,No,11,3,3,80,3,1,4,3,1,<2,0,0,0
EMP0588,52,40+,No,Travel_Rarely,1325,Research & Development,11,4,Life Sciences,1,813,4,Female,82,3,2,Laboratory Technician,3,Married,3149,Medium,21821,8,Y,No,20,4,2,80,1,9,3,3,5,2-5,2,1,4
EMP0589,50,40+,No,Travel_Rarely,691,Research & Development,2,3,Medical,1,815,3,Male,64,3,4,Research Director,3,Married,17639,High,6881,5,Y,No,16,3,4,80,0,30,3,3,4,2-5,3,0,3
EMP0590,29,Under 30,Yes,Travel_Rarely,805,Research & Development,1,2,Life Sciences,1,816,2,Female,36,2,1,Laboratory Technician,1,Married,2319,Low,6689,1,Y,Yes,11,3,4,80,1,1,1,3,1,<2,0,0,0
EMP0591,33,30-40,No,Travel_Rarely,213,Research & Development,7,3,Medical,1,817,3,Male,49,3,3,Research Director,3,Married,11691,High,25995,0,Y,No,11,3,4,80,0,14,3,4,13,10+,9,3,7
EMP0592,33,30-40,Yes,Travel_Rarely,118,Sales,16,3,Marketing,1,819,1,Female,69,3,2,Sales Executive,1,Single,5324,Medium,26507,5,Y,No,15,3,3,80,0,6,3,3,3,2-5,2,0,2
EMP0593,47,40+,No,Travel_Rarely,202,Research & Development,2,2,Other,1,820,3,Female,33,3,4,Manager,4,Married,16752,High,12982,1,Y,Yes,11,3,3,80,1,26,3,2,26,10+,14,3,0
EMP0594,36,30-40,No,Travel_Rarely,676,Research & Development,1,3,Other,1,823,3,Female,35,3,2,Manufacturing Director,2,Married,5228,Medium,23361,0,Y,No,15,3,1,80,1,10,2,3,9,5-10,7,0,5
EMP0595,29,Under 30,No,Travel_Rarely,1252,Research & Development,23,2,Life Sciences,1,824,3,Male,81,4,1,Research Scientist,3,Married,2700,Low,23779,1,Y,No,24,4,3,80,1,10,3,3,10,5-10,7,0,7
EMP0596,58,40+,Yes,Travel_Rarely,286,Research & Development,2,4,Life Sciences,1,825,4,Male,31,3,5,Research Director,2,Single,19246,High,25761,7,Y,Yes,12,3,4,80,0,40,2,3,31,10+,15,13,8
EMP0597,35,30-40,No,Travel_Rarely,1258,Research & Development,1,4,Life Sciences,1,826,4,Female,40,4,1,Research Scientist,3,Single,2506,Low,13301,3,Y,No,13,3,3,80,0,7,0,3,2,2-5,2,2,2
EMP0598,42,40+,No,Travel_Rarely,932,Research & Development,1,2,Life Sciences,1,827,4,Female,43,2,2,Manufacturing Director,4,Married,6062,Medium,4051,9,Y,Yes,13,3,4,80,1,8,4,3,4,2-5,3,0,2
EMP0599,28,Under 30,Yes,Travel_Rarely,890,Research & Development,2,4,Medical,1,828,3,Male,46,3,1,Research Scientist,3,Single,4382,Medium,16374,6,Y,No,17,3,4,80,0,5,3,2,2,2-5,2,2,1
EMP0600,36,30-40,No,Travel_Rarely,1041,Human Resources,13,3,Human Resources,1,829,3,Male,36,3,1,Human Resources,2,Married,2143,Low,25527,4,Y,No,13,3,2,80,1,8,2,3,5,2-5,2,0,4
EMP0601,32,30-40,No,Travel_Rarely,859,Research & Development,4,3,Life Sciences,1,830,3,Female,98,2,2,Manufacturing Director,3,Married,6162,Medium,19124,1,Y,No,12,3,3,80,1,14,3,3,14,10+,13,6,8
EMP0602,40,30-40,No,Travel_Frequently,720,Research & Development,16,4,Medical,1,832,1,Male,51,2,2,Laboratory Technician,3,Single,5094,Medium,11983,6,Y,No,14,3,4,80,0,10,6,3,1,<2,0,0,0
EMP0603,30,30-40,No,Travel_Rarely,946,Research & Development,2,3,Medical,1,833,3,Female,52,2,2,Manufacturing Director,4,Single,6877,Medium,20234,5,Y,Yes,24,4,2,80,0,12,4,2,0,<2,0,0,0
EMP0604,45,40+,No,Travel_Rarely,252,Research & Development,2,3,Life Sciences,1,834,2,Female,95,2,1,Research Scientist,3,Single,2274,Low,6153,1,Y,No,14,3,4,80,0,1,3,3,1,<2,0,0,0
EMP0605,42,40+,No,Travel_Rarely,933,Research & Development,29,3,Life Sciences,1,836,2,Male,98,3,2,Manufacturing Director,2,Married,4434,Medium,11806,1,Y,No,13,3,4,80,1,10,3,2,9,5-10,8,7,8
EMP0606,38,30-40,No,Travel_Frequently,471,Research & Development,12,3,Life Sciences,1,837,1,Male,45,2,2,Healthcare Representative,1,Divorced,6288,Medium,4284,2,Y,No,15,3,3,80,1,13,3,2,4,2-5,3,1,2
EMP0607,34,30-40,No,Travel_Frequently,702,Research & Development,16,4,Life Sciences,1,838,3,Female,100,2,1,Research Scientist,4,Single,2553,Low,8306,1,Y,No,16,3,3,80,0,6,3,3,5,2-5,2,1,3
EMP0608,49,40+,Yes,Travel_Rarely,1184,Sales,11,3,Marketing,1,840,3,Female,43,3,3,Sales Executive,4,Married,7654,High,5860,1,Y,No,18,3,1,80,2,9,3,4,9,5-10,8,7,7
EMP0609,55,40+,Yes,Travel_Rarely,436,Sales,2,1,Medical,1,842,3,Male,37,3,2,Sales Executive,4,Single,5160,Medium,21519,4,Y,No,16,3,3,80,0,12,3,2,9,5-10,7,7,3
EMP0610,43,40+,No,Travel_Rarely,589,Research & Development,14,2,Life Sciences,1,843,2,Male,94,3,4,Research Director,1,Married,17159,High,5200,6,Y,No,24,4,3,80,1,22,3,3,4,2-5,1,1,0
EMP0611,27,Under 30,No,Travel_Rarely,269,Research & Development,5,1,Technical Degree,1,844,3,Male,42,2,3,Research Director,4,Divorced,12808,High,8842,1,Y,Yes,16,3,2,80,1,9,3,3,9,5-10,8,0,8
EMP0612,35,30-40,No,Travel_Rarely,950,Research & Development,7,3,Other,1,845,3,Male,59,3,3,Manufacturing Director,3,Single,10221,High,18869,3,Y,No,21,4,2,80,0,17,3,4,8,5-10,5,1,6
EMP0613,28,Under 30,No,Travel_Rarely,760,Sales,2,4,Marketing,1,846,2,Female,81,3,2,Sales Executive,2,Married,4779,Medium,3698,1,Y,Yes,20,4,1,80,0,8,2,3,8,5-10,7,7,5
EMP0614,34,30-40,No,Travel_Rarely,829,Human Resources,3,2,Human Resources,1,847,3,Male,88,3,1,Human Resources,4,Married,3737,Medium,2243,0,Y,No,19,3,3,80,1,4,1,1,3,2-5,2,0,2
EMP0615,26,Under 30,Yes,Travel_Frequently,887,Research & Development,5,2,Medical,1,848,3,Female,88,2,1,Research Scientist,3,Married,2366,Low,20898,1,Y,Yes,14,3,1,80,1,8,2,3,8,5-10,7,1,7
EMP0616,27,Under 30,No,Non-Travel,443,Research & Development,3,3,Medical,1,850,4,Male,50,3,1,Research Scientist,4,Married,1706,Low,16571,1,Y,No,11,3,3,80,3,0,6,2,0,<2,0,0,0
EMP0617,51,40+,No,Travel_Rarely,1318,Sales,26,4,Marketing,1,851,1,Female,66,3,4,Manager,3,Married,16307,High,5594,2,Y,No,14,3,3,80,1,29,2,2,20,10+,6,4,17
EMP0618,44,40+,No,Travel_Rarely,625,Research & Development,4,3,Medical,1,852,4,Male,50,3,2,Healthcare Representative,2,Single,5933,Medium,5197,9,Y,No,12,3,4,80,0,10,2,2,5,2-5,2,2,3
EMP0619,25,Under 30,No,Travel_Rarely,180,Research & Development,2,1,Medical,1,854,1,Male,65,4,1,Research Scientist,1,Single,3424,Medium,21632,7,Y,No,13,3,3,80,0,6,3,2,4,2-5,3,0,1
EMP0620,33,30-40,No,Travel_Rarely,586,Sales,1,3,Medical,1,855,1,Male,48,4,2,Sales Executive,1,Divorced,4037,Medium,21816,1,Y,No,22,4,1,80,1,9,5,3,9,5-10,8,0,8
EMP0621,35,30-40,No,Travel_Rarely,1343,Research & Development,27,1,Medical,1,856,3,Female,53,2,1,Research Scientist,1,Single,2559,Low,17852,1,Y,No,11,3,4,80,0,6,3,2,6,5-10,5,1,1
EMP0622,36,30-40,No,Travel_Rarely,928,Sales,1,2,Life Sciences,1,857,2,Male,56,3,2,Sales Executive,4,Married,6201,Medium,2823,1,Y,Yes,14,3,4,80,1,18,1,2,18,10+,14,4,11
EMP0623,32,30-40,No,Travel_Rarely,117,Sales,13,4,Life Sciences,1,859,2,Male,73,3,2,Sales Executive,4,Divorced,4403,Medium,9250,2,Y,No,11,3,3,80,1,8,3,2,5,2-5,2,0,3
EMP0624,30,30-40,No,Travel_Frequently,1012,Research & Development,5,4,Life Sciences,1,861,2,Male,75,2,1,Research Scientist,4,Divorced,3761,Medium,2373,9,Y,No,12,3,2,80,1,10,3,2,5,2-5,4,0,3
EMP0625,53,40+,No,Travel_Rarely,661,Sales,7,2,Marketing,1,862,1,Female,78,2,3,Sales Executive,4,Married,10934,High,20715,7,Y,Yes,18,3,4,80,1,35,3,3,5,2-5,2,0,4
EMP0626,45,40+,No,Travel_Rarely,930,Sales,9,3,Marketing,1,864,4,Male,74,3,3,Sales Executive,1,Divorced,10761,High,19239,4,Y,Yes,12,3,3,80,1,18,2,3,5,2-5,4,0,2
EMP0627,32,30-40,No,Travel_Rarely,638,Research & Development,8,2,Medical,1,865,3,Female,91,4,2,Research Scientist,3,Married,5175,Medium,22162,5,Y,No,12,3,3,80,1,9,3,2,5,2-5,3,1,3
EMP0628,52,40+,No,Travel_Frequently,890,Research & Development,25,4,Medical,1,867,3,Female,81,2,4,Manufacturing Director,4,Married,13826,High,19028,3,Y,No,22,4,3,80,0,31,3,3,9,5-10,8,0,0
EMP0629,37,30-40,No,Travel_Rarely,342,Sales,16,4,Marketing,1,868,4,Male,66,2,2,Sales Executive,3,Divorced,6334,Medium,24558,4,Y,No,19,3,4,80,2,9,2,3,1,<2,0,0,0
EMP0630,28,Under 30,No,Travel_Rarely,1169,Human Resources,8,2,Medical,1,869,2,Male,63,2,1,Human Resources,4,Divorced,4936,Medium,23965,1,Y,No,13,3,4,80,1,6,6,3,5,2-5,1,0,4
EMP0631,22,Under 30,No,Travel_Rarely,1230,Research & Development,1,2,Life Sciences,1,872,4,Male,33,2,2,Manufacturing Director,4,Married,4775,Medium,19146,6,Y,No,22,4,1,80,2,4,2,1,2,2-5,2,2,2
EMP0632,44,40+,No,Travel_Rarely,986,Research & Development,8,4,Life Sciences,1,874,1,Male,62,4,1,Laboratory Technician,4,Married,2818,Low,5044,2,Y,Yes,24,4,3,80,1,10,2,2,3,2-5,2,0,2
EMP0633,42,40+,No,Travel_Frequently,1271,Research & Development,2,1,Medical,1,875,2,Male,35,3,1,Research Scientist,4,Single,2515,Low,9068,5,Y,Yes,14,3,4,80,0,8,2,3,2,2-5,1,2,2
EMP0634,36,30-40,No,Travel_Rarely,1278,Human Resources,8,3,Life Sciences,1,878,1,Male,77,2,1,Human Resources,1,Married,2342,Low,8635,0,Y,No,21,4,3,80,0,6,3,3,5,2-5,4,0,3
EMP0635,25,Under 30,No,Travel_Rarely,141,Sales,3,1,Other,1,879,3,Male,98,3,2,Sales Executive,1,Married,4194,Medium,14363,1,Y,Yes,18,3,4,80,0,5,3,3,5,2-5,3,0,3
EMP0636,35,30-40,No,Travel_Rarely,607,Research & Development,9,3,Life Sciences,1,880,4,Female,66,2,3,Manufacturing Director,3,Married,10685,High,23457,1,Y,Yes,20,4,2,80,1,17,2,3,17,10+,14,5,15
EMP0637,35,30-40,Yes,Travel_Frequently,130,Research & Development,25,4,Life Sciences,1,881,4,Female,96,3,1,Research Scientist,2,Divorced,2022,Low,16612,1,Y,Yes,19,3,1,80,1,10,3,2,10,5-10,2,7,8
EMP0638,32,30-40,No,Non-Travel,300,Research & Development,1,3,Life Sciences,1,882,4,Male,61,3,1,Laboratory Technician,4,Divorced,2314,Low,9148,0,Y,No,12,3,2,80,1,4,2,3,3,2-5,0,0,2
EMP0639,25,Under 30,No,Travel_Rarely,583,Sales,4,1,Marketing,1,885,3,Male,87,2,2,Sales Executive,1,Married,4256,Medium,18154,1,Y,No,12,3,1,80,0,5,1,4,5,2-5,2,0,3
EMP0640,49,40+,No,Travel_Rarely,1418,Research & Development,1,3,Technical Degree,1,887,3,Female,36,3,1,Research Scientist,1,Married,3580,Medium,10554,2,Y,No,16,3,2,80,1,7,2,3,4,2-5,2,0,2
EMP0641,24,Under 30,No,Non-Travel,1269,Research & Development,4,1,Life Sciences,1,888,1,Male,46,2,1,Laboratory Technician,4,Married,3162,Medium,10778,0,Y,No,17,3,4,80,0,6,2,2,5,2-5,2,3,4
EMP0642,32,30-40,No,Travel_Frequently,379,Sales,5,2,Life Sciences,1,889,2,Male,48,3,2,Sales Executive,2,Married,6524,Medium,8891,1,Y,No,14,3,4,80,1,10,3,3,10,5-10,8,5,3
EMP0643,38,30-40,No,Travel_Rarely,395,Sales,9,3,Marketing,1,893,2,Male,98,2,1,Sales Representative,2,Married,2899,Low,12102,0,Y,No,19,3,4,80,1,3,3,3,2,2-5,2,1,2
EMP0644,42,40+,No,Travel_Rarely,1265,Research & Development,3,3,Life Sciences,1,894,3,Female,95,4,2,Laboratory Technician,4,Married,5231,Medium,23726,2,Y,Yes,13,3,2,80,1,17,1,2,5,2-5,3,1,3
EMP0645,31,30-40,No,Travel_Rarely,1222,Research & Development,11,4,Life Sciences,1,895,4,Male,48,3,1,Research Scientist,4,Married,2356,Low,14871,3,Y,Yes,19,3,2,80,1,8,2,3,6,5-10,4,0,2
EMP0646,29,Under 30,Yes,Travel_Rarely,341,Sales,1,3,Medical,1,896,2,Female,48,2,1,Sales Representative,3,Divorced,2800,Low,23522,6,Y,Yes,19,3,3,80,3,5,3,3,3,2-5,2,0,2
EMP0647,53,40+,No,Travel_Rarely,868,Sales,8,3,Marketing,1,897,1,Male,73,3,4,Sales Executive,4,Married,11836,High,22789,5,Y,No,14,3,3,80,1,28,3,3,2,2-5,0,2,2
EMP0648,35,30-40,No,Travel_Rarely,672,Research & Development,25,3,Technical Degree,1,899,4,Male,78,2,3,Manufacturing Director,2,Married,10903,High,9129,3,Y,No,16,3,1,80,0,16,2,3,13,10+,10,4,8
EMP0649,37,30-40,No,Travel_Frequently,1231,Sales,21,2,Medical,1,900,3,Female,54,3,1,Sales Representative,4,Married,2973,Low,21222,5,Y,No,15,3,2,80,1,10,3,3,5,2-5,4,0,0
EMP0650,53,40+,No,Travel_Rarely,102,Research & Development,23,4,Life Sciences,1,901,4,Female,72,3,4,Research Director,4,Single,14275,High,20206,6,Y,No,18,3,3,80,0,33,0,3,12,10+,9,3,8
EMP0651,43,40+,No,Travel_Frequently,422,Research & Development,1,3,Life Sciences,1,902,4,Female,33,3,2,Healthcare Representative,4,Married,5562,Medium,21782,4,Y,No,13,3,2,80,1,12,2,2,5,2-5,2,2,2
EMP0652,47,40+,No,Travel_Rarely,249,Sales,2,2,Marketing,1,903,3,Female,35,3,2,Sales Executive,4,Married,4537,Medium,17783,0,Y,Yes,22,4,1,80,1,8,2,3,7,5-10,6,7,7
EMP0653,37,30-40,No,Non-Travel,1252,Sales,19,2,Medical,1,904,1,Male,32,3,3,Sales Executive,2,Single,7642,High,4814,1,Y,Yes,13,3,4,80,0,10,2,3,10,5-10,0,0,9
EMP0654,50,40+,No,Non-Travel,881,Research & Development,2,4,Life Sciences,1,905,1,Male,98,3,4,Manager,1,Divorced,17924,High,4544,1,Y,No,11,3,4,80,1,31,3,3,31,10+,6,14,7
EMP0655,39,30-40,No,Travel_Rarely,1383,Human Resources,2,3,Life Sciences,1,909,4,Female,42,2,2,Human Resources,4,Married,5204,Medium,7790,8,Y,No,11,3,3,80,2,13,2,3,5,2-5,4,0,4
EMP0656,33,30-40,No,Travel_Rarely,1075,Human Resources,3,2,Human Resources,1,910,4,Male,57,3,1,Human Resources,2,Divorced,2277,Low,22650,3,Y,Yes,11,3,3,80,1,7,4,4,4,2-5,3,0,3
EMP0657,32,30-40,Yes,Travel_Rarely,374,Research & Development,25,4,Life Sciences,1,911,1,Male,87,3,1,Laboratory Technician,4,Single,2795,Low,18016,1,Y,Yes,24,4,3,80,0,1,2,1,1,<2,0,0,1
EMP0658,29,Under 30,No,Travel_Rarely,1086,Research & Development,7,1,Medical,1,912,1,Female,62,2,1,Laboratory Technician,4,Divorced,2532,Low,6054,6,Y,No,14,3,3,80,3,8,5,3,4,2-5,3,0,3
EMP0659,44,40+,No,Travel_Rarely,661,Research & Development,9,2,Life Sciences,1,913,2,Male,61,3,1,Research Scientist,1,Married,2559,Low,7508,1,Y,Yes,13,3,4,80,0,8,0,3,8,5-10,7,7,1
EMP0660,28,Under 30,No,Travel_Rarely,821,Sales,5,4,Medical,1,916,1,Male,98,3,2,Sales Executive,4,Single,4908,Medium,24252,1,Y,No,14,3,2,80,0,4,3,3,4,2-5,2,0,2
EMP0661,58,40+,Yes,Travel_Frequently,781,Research & Development,2,1,Life Sciences,1,918,4,Male,57,2,1,Laboratory Technician,4,Divorced,2380,Low,13384,9,Y,Yes,14,3,4,80,1,3,3,2,1,<2,0,0,0
EMP0662,43,40+,No,Travel_Rarely,177,Research & Development,8,3,Life Sciences,1,920,1,Female,55,3,2,Manufacturing Director,2,Divorced,4765,Medium,23814,4,Y,No,21,4,3,80,1,4,2,4,1,<2,0,0,0
EMP0663,20,Under 30,Yes,Travel_Rarely,500,Sales,2,3,Medical,1,922,3,Female,49,2,1,Sales Representative,3,Single,2044,Low,22052,1,Y,No,13,3,4,80,0,2,3,2,2,2-5,2,0,2
EMP0664,21,Under 30,Yes,Travel_Rarely,1427,Research & Development,18,1,Other,1,923,4,Female,65,3,1,Research Scientist,4,Single,2693,Low,8870,1,Y,No,19,3,1,80,0,1,3,2,1,<2,0,0,0
EMP0665,36,30-40,No,Travel_Rarely,1425,Research & Development,14,1,Life Sciences,1,924,3,Male,68,3,2,Healthcare Representative,4,Married,6586,Medium,4821,0,Y,Yes,17,3,1,80,1,17,2,2,16,10+,8,4,11
EMP0666,47,40+,No,Travel_Rarely,1454,Sales,2,4,Life Sciences,1,925,4,Female,65,2,1,Sales Representative,4,Single,3294,Medium,13137,1,Y,Yes,18,3,1,80,0,3,3,2,3,2-5,2,1,2
EMP0667,22,Under 30,Yes,Travel_Rarely,617,Research & Development,3,1,Life Sciences,1,926,2,Female,34,3,2,Manufacturing Director,3,Married,4171,Medium,10022,0,Y,Yes,19,3,1,80,1,4,3,4,3,2-5,2,0,2
EMP0668,41,40+,Yes,Travel_Rarely,1085,Research & Development,2,4,Life Sciences,1,927,2,Female,57,1,1,Laboratory Technician,4,Divorced,2778,Low,17725,4,Y,Yes,13,3,3,80,1,10,1,2,7,5-10,7,1,0
EMP0669,28,Under 30,No,Travel_Rarely,995,Research & Development,9,3,Medical,1,930,3,Female,77,3,1,Research Scientist,3,Divorced,2377,Low,9834,5,Y,No,18,3,2,80,1,6,2,3,2,2-5,2,2,2
EMP0670,39,30-40,Yes,Travel_Rarely,1122,Research & Development,6,3,Medical,1,932,4,Male,70,3,1,Laboratory Technician,1,Married,2404,Low,4303,7,Y,Yes,21,4,4,80,0,8,2,1,2,2-5,2,2,2
EMP0671,27,Under 30,No,Travel_Rarely,618,Research & Development,4,3,Life Sciences,1,933,2,Female,76,3,1,Research Scientist,3,Single,2318,Low,17808,1,Y,No,19,3,3,80,0,1,2,3,1,<2,1,0,0
EMP0672,34,30-40,No,Travel_Rarely,546,Research & Development,10,3,Life Sciences,1,934,2,Male,83,3,1,Laboratory Technician,2,Divorced,2008,Low,6896,1,Y,No,14,3,2,80,2,1,3,3,1,<2,0,1,0
EMP0673,42,40+,No,Travel_Rarely,462,Sales,14,2,Medical,1,936,3,Female,68,2,2,Sales Executive,3,Single,6244,Medium,7824,7,Y,No,17,3,1,80,0,10,6,3,5,2-5,4,0,3
EMP0674,33,30-40,No,Travel_Rarely,1198,Research & Development,1,4,Other,1,939,3,Male,100,2,1,Research Scientist,1,Single,2799,Low,3339,3,Y,Yes,11,3,2,80,0,6,1,3,3,2-5,2,0,2
EMP0675,58,40+,No,Travel_Rarely,1272,Research & Development,5,3,Technical Degree,1,940,3,Female,37,2,3,Healthcare Representative,2,Divorced,10552,High,9255,2,Y,Yes,13,3,4,80,1,24,3,3,6,5-10,0,0,4
EMP0676,31,30-40,No,Travel_Rarely,154,Sales,7,4,Life Sciences,1,941,2,Male,41,2,1,Sales Representative,3,Married,2329,Low,11737,3,Y,No,15,3,2,80,0,13,2,4,7,5-10,7,5,2
EMP0677,35,30-40,No,Travel_Rarely,1137,Research & Development,21,1,Life Sciences,1,942,4,Female,51,3,2,Healthcare Representative,4,Married,4014,Medium,19170,1,Y,Yes,25,4,4,80,1,10,2,1,10,5-10,6,0,7
EMP0678,49,40+,No,Travel_Rarely,527,Research & Development,8,2,Other,1,944,1,Female,51,3,3,Laboratory Technician,2,Married,7403,High,22477,4,Y,No,11,3,3,80,1,29,3,2,26,10+,9,1,7
EMP0679,48,40+,No,Travel_Rarely,1469,Research & Development,20,4,Medical,1,945,4,Male,51,3,1,Research Scientist,3,Married,2259,Low,5543,4,Y,No,17,3,1,80,2,13,2,2,0,<2,0,0,0
EMP0680,31,30-40,No,Non-Travel,1188,Sales,20,2,Marketing,1,947,4,Female,45,3,2,Sales Executive,3,Married,6932,Medium,24406,1,Y,No,13,3,4,80,1,9,2,2,9,5-10,8,0,0
EMP0681,36,30-40,No,Travel_Rarely,188,Research & Development,7,4,Other,1,949,2,Male,65,3,1,Research Scientist,4,Single,4678,Medium,23293,2,Y,No,18,3,3,80,0,8,6,3,6,5-10,2,0,1
EMP0682,38,30-40,No,Travel_Rarely,1333,Research & Development,1,3,Technical Degree,1,950,4,Female,80,3,3,Research Director,1,Married,13582,High,16292,1,Y,No,13,3,2,80,1,15,3,3,15,10+,12,5,11
EMP0683,32,30-40,No,Non-Travel,1184,Research & Development,1,3,Life Sciences,1,951,3,Female,70,2,1,Laboratory Technician,2,Married,2332,Low,3974,6,Y,No,20,4,3,80,0,5,3,3,3,2-5,0,0,2
EMP0684,25,Under 30,Yes,Travel_Rarely,867,Sales,19,2,Marketing,1,952,3,Male,36,2,1,Sales Representative,2,Married,2413,Low,18798,1,Y,Yes,18,3,3,80,3,1,2,3,1,<2,0,0,0
EMP0685,40,30-40,No,Travel_Rarely,658,Sales,10,4,Marketing,1,954,1,Male,67,2,3,Sales Executive,2,Divorced,9705,High,20652,2,Y,No,12,3,2,80,1,11,2,2,1,<2,0,0,0
EMP0686,26,Under 30,No,Travel_Frequently,1283,Sales,1,3,Medical,1,956,3,Male,52,2,2,Sales Executive,1,Single,4294,Medium,11148,1,Y,No,12,3,2,80,0,7,2,3,7,5-10,7,0,7
EMP0687,41,40+,No,Travel_Rarely,263,Research & Development,6,3,Medical,1,957,4,Male,59,3,1,Laboratory Technician,1,Single,4721,Medium,3119,2,Y,Yes,13,3,3,80,0,20,3,3,18,10+,13,2,17
EMP0688,36,30-40,No,Travel_Rarely,938,Research & Development,2,4,Medical,1,958,3,Male,79,3,1,Laboratory Technician,3,Single,2519,Low,12287,4,Y,No,21,4,3,80,0,16,6,3,11,10+,8,3,9
EMP0689,19,Under 30,Yes,Travel_Rarely,419,Sales,21,3,Other,1,959,4,Male,37,2,1,Sales Representative,2,Single,2121,Low,9947,1,Y,Yes,13,3,2,80,0,1,3,4,1,<2,0,0,0
EMP0690,20,Under 30,Yes,Travel_Rarely,129,Research & Development,4,3,Technical Degree,1,960,1,Male,84,3,1,Laboratory Technician,1,Single,2973,Low,13008,1,Y,No,19,3,2,80,0,1,2,3,1,<2,0,0,0
EMP0691,31,30-40,No,Travel_Rarely,616,Research & Development,12,3,Medical,1,961,4,Female,41,3,2,Healthcare Representative,4,Married,5855,Medium,17369,0,Y,Yes,11,3,3,80,2,10,2,1,9,5-10,7,8,5
EMP0692,40,30-40,No,Travel_Frequently,1469,Research & Development,9,4,Medical,1,964,4,Male,35,3,1,Research Scientist,2,Divorced,3617,Medium,25063,8,Y,Yes,14,3,4,80,1,3,2,3,1,<2,1,0,0
EMP0693,32,30-40,No,Travel_Rarely,498,Research & Development,3,4,Medical,1,966,3,Female,93,3,2,Manufacturing Director,1,Married,6725,Medium,13554,1,Y,No,12,3,3,80,1,8,2,4,8,5-10,7,6,3
EMP0694,36,30-40,Yes,Travel_Rarely,530,Sales,3,1,Life Sciences,1,967,3,Male,51,2,3,Sales Executive,4,Married,10325,High,5518,1,Y,Yes,11,3,1,80,1,16,6,3,16,10+,7,3,7
EMP0695,33,30-40,No,Travel_Rarely,1069,Research & Development,1,3,Life Sciences,1,969,2,Female,42,2,2,Healthcare Representative,4,Single,6949,Medium,12291,0,Y,No,14,3,1,80,0,6,3,3,5,2-5,0,1,4
EMP0696,37,30-40,Yes,Travel_Rarely,625,Sales,1,4,Life Sciences,1,970,1,Male,46,2,3,Sales Executive,3,Married,10609,High,14922,5,Y,No,11,3,3,80,0,17,2,1,14,10+,1,11,7
EMP0697,45,40+,No,Non-Travel,805,Research & Development,4,2,Life Sciences,1,972,3,Male,57,3,2,Laboratory Technician,2,Married,4447,Medium,23163,1,Y,No,12,3,2,80,0,9,5,2,9,5-10,7,0,8
EMP0698,29,Under 30,No,Travel_Frequently,1404,Sales,20,3,Technical Degree,1,974,3,Female,84,3,1,Sales Representative,4,Married,2157,Low,18203,1,Y,No,15,3,2,80,1,3,5,3,3,2-5,1,0,2
EMP0699,35,30-40,No,Travel_Rarely,1219,Sales,18,3,Medical,1,975,3,Female,86,3,2,Sales Executive,3,Married,4601,Medium,6179,1,Y,No,16,3,2,80,0,5,3,3,5,2-5,2,1,0
EMP0700,52,40+,No,Travel_Rarely,1053,Research & Development,1,2,Life Sciences,1,976,4,Male,70,3,4,Manager,4,Married,17099,High,13829,2,Y,No,15,3,2,80,1,26,2,2,9,5-10,8,7,8
EMP0701,58,40+,Yes,Travel_Rarely,289,Research & Development,2,3,Technical Degree,1,977,4,Male,51,3,1,Research Scientist,3,Single,2479,Low,26227,4,Y,No,24,4,1,80,0,7,4,3,1,<2,0,0,0
EMP0702,53,40+,No,Travel_Rarely,1376,Sales,2,2,Medical,1,981,3,Male,45,3,4,Manager,3,Divorced,14852,High,13938,6,Y,No,13,3,3,80,1,22,3,4,17,10+,13,15,2
EMP0703,30,30-40,No,Travel_Rarely,231,Sales,8,2,Other,1,982,3,Male,62,3,3,Sales Executive,3,Divorced,7264,High,9977,5,Y,No,11,3,1,80,1,10,2,4,8,5-10,4,7,7
EMP0704,38,30-40,No,Non-Travel,152,Sales,10,3,Technical Degree,1,983,3,Female,85,3,2,Sales Executive,4,Single,5666,Medium,19899,1,Y,Yes,13,3,2,80,0,6,1,3,5,2-5,3,1,3
EMP0705,35,30-40,No,Travel_Rarely,882,Sales,3,4,Life Sciences,1,984,4,Male,92,3,3,Sales Executive,4,Divorced,7823,High,6812,6,Y,No,13,3,2,80,1,12,2,3,10,5-10,9,0,8
EMP0706,39,30-40,No,Travel_Rarely,903,Sales,2,5,Life Sciences,1,985,1,Male,41,4,3,Sales Executive,3,Single,7880,High,2560,0,Y,No,18,3,4,80,0,9,3,3,8,5-10,7,0,7
EMP0707,40,30-40,Yes,Non-Travel,1479,Sales,24,3,Life Sciences,1,986,2,Female,100,4,4,Sales Executive,2,Single,13194,High,17071,4,Y,Yes,16,3,4,80,0,22,2,2,1,<2,0,0,0
EMP0708,47,40+,No,Travel_Frequently,1379,Research & Development,16,4,Medical,1,987,3,Male,64,4,2,Manufacturing Director,3,Divorced,5067,Medium,6759,1,Y,Yes,19,3,3,80,0,20,3,4,19,10+,10,2,7
EMP0709,36,30-40,No,Non-Travel,1229,Sales,8,4,Technical Degree,1,990,1,Male,84,3,2,Sales Executive,4,Divorced,5079,Medium,25952,4,Y,No,13,3,4,80,2,12,3,3,7,5-10,7,0,7
EMP0710,31,30-40,Yes,Non-Travel,335,Research & Development,9,2,Medical,1,991,3,Male,46,2,1,Research Scientist,1,Single,2321,Low,10322,0,Y,Yes,22,4,1,80,0,4,0,3,3,2-5,2,1,2
EMP0711,33,30-40,No,Non-Travel,722,Sales,17,3,Life Sciences,1,992,4,Male,38,3,4,Manager,3,Single,17444,High,20489,1,Y,No,11,3,4,80,0,10,2,3,10,5-10,8,6,0
EMP0712,29,Under 30,Yes,Travel_Rarely,906,Research & Development,10,3,Life Sciences,1,994,4,Female,92,2,1,Research Scientist,1,Single,2404,Low,11479,6,Y,Yes,20,4,3,80,0,3,5,3,0,<2,0,0,0
EMP0713,33,30-40,No,Travel_Rarely,461,Research & Development,13,1,Life Sciences,1,995,2,Female,53,3,1,Research Scientist,4,Single,3452,Medium,17241,3,Y,No,18,3,1,80,0,5,4,3,3,2-5,2,0,2
EMP0714,45,40+,No,Travel_Rarely,974,Research & Development,1,4,Medical,1,996,4,Female,91,3,1,Laboratory Technician,4,Divorced,2270,Low,11005,3,Y,No,14,3,4,80,2,8,2,3,5,2-5,3,0,2
EMP0715,50,40+,No,Travel_Rarely,1126,Research & Development,1,2,Medical,1,997,4,Male,66,3,4,Research Director,4,Divorced,17399,High,6615,9,Y,No,22,4,3,80,1,32,1,2,5,2-5,4,1,3
EMP0716,33,30-40,No,Travel_Frequently,827,Research & Development,1,4,Other,1,998,3,Female,84,4,2,Healthcare Representative,2,Married,5488,Medium,20161,1,Y,Yes,13,3,1,80,1,6,2,3,6,5-10,5,1,2
EMP0717,41,40+,No,Travel_Frequently,840,Research & Development,9,3,Medical,1,999,1,Male,64,3,5,Research Director,3,Divorced,19419,High,3735,2,Y,No,17,3,2,80,1,21,2,4,18,10+,16,0,11
EMP0718,27,Under 30,No,Travel_Rarely,1134,Research & Development,16,4,Technical Degree,1,1001,3,Female,37,3,1,Laboratory Technician,2,Married,2811,Low,12086,9,Y,No,14,3,2,80,1,4,2,3,2,2-5,2,2,2
EMP0719,45,40+,No,Non-Travel,248,Research & Development,23,2,Life Sciences,1,1002,4,Male,42,3,2,Laboratory Technician,1,Married,3633,Medium,14039,1,Y,Yes,15,3,3,80,1,9,2,3,9,5-10,8,0,8
EMP0720,47,40+,No,Travel_Rarely,955,Sales,4,2,Life Sciences,1,1003,4,Female,83,3,2,Sales Executive,4,Single,4163,Medium,8571,1,Y,Yes,17,3,3,80,0,9,0,3,9,5-10,0,0,7
EMP0721,30,30-40,Yes,Travel_Rarely,138,Research & Development,22,3,Life Sciences,1,1004,1,Female,48,3,1,Research Scientist,3,Married,2132,Low,11539,4,Y,Yes,11,3,2,80,0,7,2,3,5,2-5,2,0,1
EMP0722,50,40+,No,Travel_Rarely,939,Research & Development,24,3,Life Sciences,1,1005,4,Male,95,3,4,Manufacturing Director,3,Married,13973,High,4161,3,Y,Yes,18,3,4,80,1,22,2,3,12,10+,11,1,5
EMP0723,38,30-40,No,Travel_Frequently,1391,Research & Development,10,1,Medical,1,1006,3,Male,66,3,1,Research Scientist,3,Married,2684,Low,12127,0,Y,No,17,3,2,80,1,3,0,2,2,2-5,1,0,2
EMP0724,46,40+,No,Travel_Rarely,566,Research & Development,7,2,Medical,1,1007,4,Male,75,3,3,Manufacturing Director,3,Divorced,10845,High,24208,6,Y,No,13,3,2,80,1,13,3,3,8,5-10,7,0,7
EMP0725,24,Under 30,No,Travel_Rarely,1206,Research & Development,17,1,Medical,1,1009,4,Female,41,2,2,Manufacturing Director,3,Divorced,4377,Medium,24117,1,Y,No,15,3,2,80,2,5,6,3,4,2-5,2,3,2
EMP0726,35,30-40,Yes,Travel_Rarely,622,Research & Development,14,4,Other,1,1010,3,Male,39,2,1,Laboratory Technician,2,Divorced,3743,Medium,10074,1,Y,Yes,24,4,4,80,1,5,2,1,4,2-5,2,0,2
EMP0727,31,30-40,No,Travel_Frequently,853,Research & Development,1,1,Life Sciences,1,1011,3,Female,96,3,2,Manufacturing Director,1,Married,4148,Medium,11275,1,Y,No,12,3,3,80,1,4,1,3,4,2-5,3,0,3
EMP0728,18,Under 30,No,Non-Travel,287,Research & Development,5,2,Life Sciences,1,1012,2,Male,73,3,1,Research Scientist,4,Single,1051,Low,13493,1,Y,No,15,3,4,80,0,0,2,3,0,<2,0,0,0
EMP0729,54,40+,No,Travel_Rarely,1441,Research & Development,17,3,Technical Degree,1,1013,3,Female,56,3,3,Manufacturing Director,3,Married,10739,High,13943,8,Y,No,11,3,3,80,1,22,2,3,10,5-10,7,0,8
EMP0730,35,30-40,No,Travel_Rarely,583,Research & Development,25,4,Medical,1,1014,3,Female,57,3,3,Healthcare Representative,3,Divorced,10388,High,6975,1,Y,Yes,11,3,3,80,1,16,3,2,16,10+,10,10,1
EMP0731,30,30-40,No,Travel_Rarely,153,Research & Development,8,2,Life Sciences,1,1015,2,Female,73,4,3,Research Director,1,Married,11416,High,17802,0,Y,Yes,12,3,3,80,3,9,4,2,8,5-10,7,1,7
EMP0732,20,Under 30,Yes,Travel_Rarely,1097,Research & Development,11,3,Medical,1,1016,4,Female,98,2,1,Research Scientist,1,Single,2600,Low,18275,1,Y,Yes,15,3,1,80,0,1,2,3,1,<2,0,0,0
EMP0733,30,30-40,Yes,Travel_Frequently,109,Research & Development,5,3,Medical,1,1017,2,Female,60,3,1,Laboratory Technician,2,Single,2422,Low,25725,0,Y,No,17,3,1,80,0,4,3,3,3,2-5,2,1,2
EMP0734,26,Under 30,No,Travel_Rarely,1066,Research & Development,2,2,Medical,1,1018,4,Male,32,4,2,Manufacturing Director,4,Married,5472,Medium,3334,1,Y,No,12,3,2,80,0,8,2,3,8,5-10,7,1,3
EMP0735,22,Under 30,No,Travel_Rarely,217,Research & Development,8,1,Life Sciences,1,1019,2,Male,94,1,1,Laboratory Technician,1,Married,2451,Low,6881,1,Y,No,15,3,1,80,1,4,3,2,4,2-5,3,1,1
EMP0736,48,40+,No,Travel_Rarely,277,Research & Development,6,3,Life Sciences,1,1022,1,Male,97,2,2,Healthcare Representative,3,Single,4240,Medium,13119,2,Y,No,13,3,4,80,0,19,0,3,2,2-5,2,2,2
EMP0737,48,40+,No,Travel_Rarely,1355,Research & Development,4,4,Life Sciences,1,1024,3,Male,78,2,3,Healthcare Representative,3,Single,10999,High,22245,7,Y,No,14,3,2,80,0,27,3,3,15,10+,11,4,8
EMP0738,41,40+,No,Travel_Rarely,549,Research & Development,7,2,Medical,1,1025,4,Female,42,3,2,Manufacturing Director,3,Single,5003,Medium,23371,6,Y,No,14,3,2,80,0,8,6,3,2,2-5,2,2,1
EMP0739,39,30-40,No,Travel_Rarely,466,Research & Development,1,1,Life Sciences,1,1026,4,Female,65,2,4,Manufacturing Director,4,Married,12742,High,7060,1,Y,No,16,3,3,80,1,21,3,3,21,10+,6,11,8
EMP0740,27,Under 30,No,Travel_Rarely,1055,Research & Development,2,4,Life Sciences,1,1027,1,Female,47,3,2,Manufacturing Director,4,Married,4227,Medium,4658,0,Y,No,18,3,2,80,1,4,2,3,3,2-5,2,2,2
EMP0741,35,30-40,No,Travel_Rarely,802,Research & Development,10,3,Other,1,1028,2,Male,45,3,1,Laboratory Technician,4,Divorced,3917,Medium,9541,1,Y,No,20,4,1,80,1,3,4,2,3,2-5,2,1,2
EMP0742,42,40+,No,Travel_Rarely,265,Sales,5,2,Marketing,1,1029,4,Male,90,3,5,Manager,3,Married,18303,High,7770,6,Y,No,13,3,2,80,0,21,3,4,1,<2,0,0,0
EMP0743,50,40+,No,Travel_Rarely,804,Research & Development,9,3,Life Sciences,1,1030,1,Male,64,3,1,Laboratory Technician,4,Married,2380,Low,20165,4,Y,No,18,3,2,80,0,8,5,3,1,<2,0,0,0
EMP0744,59,40+,No,Travel_Rarely,715,Research & Development,2,3,Life Sciences,1,1032,3,Female,69,2,4,Manufacturing Director,4,Single,13726,High,21829,3,Y,Yes,13,3,1,80,0,30,4,3,5,2-5,3,4,3
EMP0745,37,30-40,Yes,Travel_Rarely,1141,Research & Development,11,2,Medical,1,1033,1,Female,61,1,2,Healthcare Representative,2,Married,4777,Medium,14382,5,Y,No,15,3,1,80,0,15,2,1,1,<2,0,0,0
EMP0746,55,40+,No,Travel_Frequently,135,Research & Development,18,4,Medical,1,1034,3,Male,62,3,2,Healthcare Representative,2,Married,6385,Medium,12992,3,Y,Yes,14,3,4,80,2,17,3,3,8,5-10,7,6,7
EMP0747,41,40+,No,Non-Travel,247,Research & Development,7,1,Life Sciences,1,1035,2,Female,55,1,5,Research Director,3,Divorced,19973,High,20284,1,Y,No,22,4,2,80,2,21,3,3,21,10+,16,5,10
EMP0748,38,30-40,No,Travel_Rarely,1035,Sales,3,4,Life Sciences,1,1036,2,Male,42,3,2,Sales Executive,4,Single,6861,Medium,4981,8,Y,Yes,12,3,3,80,0,19,1,3,1,<2,0,0,0
EMP0749,26,Under 30,Yes,Non-Travel,265,Sales,29,2,Medical,1,1037,2,Male,79,1,2,Sales Executive,1,Single,4969,Medium,21813,8,Y,No,18,3,4,80,0,7,6,3,2,2-5,2,2,2
EMP0750,52,40+,Yes,Travel_Rarely,266,Sales,2,1,Marketing,1,1038,1,Female,57,1,5,Manager,4,Married,19845,High,25846,1,Y,No,15,3,4,80,1,33,3,3,32,10+,14,6,9
EMP0751,44,40+,No,Travel_Rarely,1448,Sales,28,3,Medical,1,1039,4,Female,53,4,4,Sales Executive,4,Married,13320,High,11737,3,Y,Yes,18,3,3,80,1,23,2,3,12,10+,11,11,11
EMP0752,50,40+,No,Non-Travel,145,Sales,1,3,Life Sciences,1,1040,4,Female,95,3,2,Sales Executive,3,Married,6347,Medium,24920,0,Y,No,12,3,1,80,1,19,3,3,18,10+,7,0,13
EMP0753,36,30-40,Yes,Travel_Rarely,885,Research & Development,16,4,Life Sciences,1,1042,3,Female,43,4,1,Laboratory Technician,1,Single,2743,Low,8269,1,Y,No,16,3,3,80,0,18,1,3,17,10+,13,15,14
EMP0754,39,30-40,No,Travel_Frequently,945,Research & Development,22,3,Medical,1,1043,4,Female,82,3,3,Manufacturing Director,1,Single,10880,High,5083,1,Y,Yes,13,3,3,80,0,21,2,3,21,10+,6,2,8
EMP0755,33,30-40,No,Non-Travel,1038,Sales,8,1,Life Sciences,1,1044,2,Female,88,2,1,Sales Representative,4,Single,2342,Low,21437,0,Y,No,19,3,4,80,0,3,2,2,2,2-5,2,2,2
EMP0756,45,40+,No,Travel_Rarely,1234,Sales,11,2,Life Sciences,1,1045,4,Female,90,3,4,Manager,4,Married,17650,High,5404,3,Y,No,13,3,2,80,1,26,4,4,9,5-10,3,1,1
EMP0757,32,30-40,No,Non-Travel,1109,Research & Development,29,4,Medical,1,1046,4,Female,69,3,1,Laboratory Technician,3,Single,4025,Medium,11135,9,Y,No,12,3,2,80,0,10,2,3,8,5-10,7,7,7
EMP0758,34,30-40,No,Travel_Rarely,216,Sales,1,4,Marketing,1,1047,2,Male,75,4,2,Sales Executive,4,Divorced,9725,High,12278,0,Y,No,11,3,4,80,1,16,2,2,15,10+,1,0,9
EMP0759,59,40+,No,Travel_Rarely,1089,Sales,1,2,Technical Degree,1,1048,2,Male,66,3,3,Manager,4,Married,11904,High,11038,3,Y,Yes,14,3,3,80,1,14,1,1,6,5-10,4,0,4
EMP0760,45,40+,No,Travel_Rarely,788,Human Resources,24,4,Medical,1,1049,2,Male,36,3,1,Human Resources,2,Single,2177,Low,8318,1,Y,No,16,3,1,80,0,6,3,3,6,5-10,3,0,4
EMP0761,53,40+,No,Travel_Frequently,124,Sales,2,3,Marketing,1,1050,3,Female,38,2,3,Sales Executive,2,Married,7525,High,23537,2,Y,No,12,3,1,80,1,30,2,3,15,10+,7,6,12
EMP0762,36,30-40,Yes,Travel_Rarely,660,Research & Development,15,3,Other,1,1052,1,Male,81,3,2,Laboratory Technician,3,Divorced,4834,Medium,7858,7,Y,No,14,3,2,80,1,9,3,2,1,<2,0,0,0
EMP0763,26,Under 30,Yes,Travel_Frequently,342,Research & Development,2,3,Life Sciences,1,1053,1,Male,57,3,1,Research Scientist,1,Married,2042,Low,15346,6,Y,Yes,14,3,2,80,1,6,2,3,3,2-5,2,1,2
EMP0764,34,30-40,No,Travel_Rarely,1333,Sales,10,4,Life Sciences,1,1055,3,Female,87,3,1,Sales Representative,3,Married,2220,Low,18410,1,Y,Yes,19,3,4,80,1,1,2,3,1,<2,1,0,0
EMP0765,28,Under 30,No,Travel_Rarely,1144,Sales,10,1,Medical,1,1056,4,Male,74,3,1,Sales Representative,2,Married,1052,Low,23384,1,Y,No,22,4,2,80,0,1,5,3,1,<2,0,0,0
EMP0766,38,30-40,No,Travel_Frequently,1186,Research & Development,3,4,Other,1,1060,3,Male,44,3,1,Research Scientist,3,Married,2821,Low,2997,3,Y,No,16,3,1,80,1,8,2,3,2,2-5,2,2,2
EMP0767,50,40+,No,Travel_Rarely,1464,Research & Development,2,4,Medical,1,1061,2,Male,62,3,5,Research Director,3,Married,19237,High,12853,2,Y,Yes,11,3,4,80,1,29,2,2,8,5-10,1,7,7
EMP0768,37,30-40,No,Travel_Rarely,124,Research & Development,3,3,Other,1,1062,4,Female,35,3,2,Healthcare Representative,2,Single,4107,Medium,13848,3,Y,No,15,3,1,80,0,8,3,2,4,2-5,3,0,1
EMP0769,40,30-40,No,Travel_Rarely,300,Sales,26,3,Marketing,1,1066,3,Male,74,3,2,Sales Executive,1,Married,8396,High,22217,1,Y,No,14,3,2,80,1,8,3,2,7,5-10,7,7,5
EMP0770,26,Under 30,No,Travel_Frequently,921,Research & Development,1,1,Medical,1,1068,1,Female,66,2,1,Research Scientist,3,Divorced,2007,Low,25265,1,Y,No,13,3,3,80,2,5,5,3,5,2-5,3,1,3
EMP0771,46,40+,No,Travel_Rarely,430,Research & Development,1,4,Medical,1,1069,4,Male,40,3,5,Research Director,4,Divorced,19627,High,21445,9,Y,No,17,3,4,80,2,23,0,3,2,2-5,2,2,2
EMP0772,54,40+,No,Travel_Rarely,1082,Sales,2,4,Life Sciences,1,1070,3,Female,41,2,3,Sales Executive,3,Married,10686,High,8392,6,Y,No,11,3,2,80,1,13,4,3,9,5-10,4,7,0
EMP0773,56,40+,No,Travel_Frequently,1240,Research & Development,9,3,Medical,1,1071,1,Female,63,3,1,Research Scientist,3,Married,2942,Low,12154,2,Y,No,19,3,2,80,1,18,4,3,5,2-5,4,0,3
EMP0774,36,30-40,No,Travel_Rarely,796,Research & Development,12,5,Medical,1,1073,4,Female,51,2,3,Manufacturing Director,4,Single,8858,High,15669,0,Y,No,11,3,2,80,0,15,2,2,14,10+,8,7,8
EMP0775,55,40+,No,Non-Travel,444,Research & Development,2,1,Medical,1,1074,3,Male,40,2,4,Manager,1,Single,16756,High,17323,7,Y,No,15,3,2,80,0,31,3,4,9,5-10,7,6,2
EMP0776,43,40+,No,Travel_Rarely,415,Sales,25,3,Medical,1,1076,3,Male,79,2,3,Sales Executive,4,Divorced,10798,High,5268,5,Y,No,13,3,3,80,1,18,5,3,1,<2,0,0,0
EMP0777,20,Under 30,Yes,Travel_Frequently,769,Sales,9,3,Marketing,1,1077,4,Female,54,3,1,Sales Representative,4,Single,2323,Low,17205,1,Y,Yes,14,3,2,80,0,2,3,3,2,2-5,2,0,2
EMP0778,21,Under 30,Yes,Travel_Rarely,1334,Research & Development,10,3,Life Sciences,1,1079,3,Female,36,2,1,Laboratory Technician,1,Single,1416,Low,17258,1,Y,No,13,3,1,80,0,1,6,2,1,<2,0,1,0
EMP0779,46,40+,No,Travel_Rarely,1003,Research & Development,8,4,Life Sciences,1,1080,4,Female,74,2,2,Research Scientist,1,Divorced,4615,Medium,21029,8,Y,Yes,23,4,1,80,3,19,2,3,16,10+,13,1,7
EMP0780,51,40+,Yes,Travel_Rarely,1323,Research & Development,4,4,Life Sciences,1,1081,1,Male,34,3,1,Research Scientist,3,Married,2461,Low,10332,9,Y,Yes,12,3,3,80,3,18,2,4,10,5-10,0,2,7
EMP0781,28,Under 30,Yes,Non-Travel,1366,Research & Development,24,2,Technical Degree,1,1082,2,Male,72,2,3,Healthcare Representative,1,Single,8722,High,12355,1,Y,No,12,3,1,80,0,10,2,2,10,5-10,7,1,9
EMP0782,26,Under 30,No,Travel_Rarely,192,Research & Development,1,2,Medical,1,1083,1,Male,59,2,1,Laboratory Technician,1,Married,3955,Medium,11141,1,Y,No,16,3,1,80,2,6,2,3,5,2-5,3,1,3
EMP0783,30,30-40,No,Travel_Rarely,1176,Research & Development,20,3,Other,1,1084,3,Male,85,3,2,Manufacturing Director,1,Married,9957,High,9096,0,Y,No,15,3,3,80,1,7,1,2,6,5-10,2,0,2
EMP0784,41,40+,No,Travel_Rarely,509,Research & Development,7,2,Technical Degree,1,1085,2,Female,43,4,1,Research Scientist,3,Married,3376,Medium,18863,1,Y,No,13,3,3,80,0,10,3,3,10,5-10,6,0,8
EMP0785,38,30-40,No,Travel_Rarely,330,Research & Development,17,1,Life Sciences,1,1088,3,Female,65,2,3,Healthcare Representative,3,Married,8823,High,24608,0,Y,No,18,3,1,80,1,20,4,2,19,10+,9,1,9
EMP0786,40,30-40,No,Travel_Rarely,1492,Research & Development,20,4,Technical Degree,1,1092,1,Male,61,3,3,Healthcare Representative,4,Married,10322,High,26542,4,Y,No,20,4,4,80,1,14,6,3,11,10+,10,11,1
EMP0787,27,Under 30,No,Non-Travel,1277,Research & Development,8,5,Life Sciences,1,1094,1,Male,87,1,1,Laboratory Technician,3,Married,4621,Medium,5869,1,Y,No,19,3,4,80,3,3,4,3,3,2-5,2,1,2
EMP0788,55,40+,No,Travel_Frequently,1091,Research & Development,2,1,Life Sciences,1,1096,4,Male,65,3,3,Manufacturing Director,2,Married,10976,High,15813,3,Y,No,18,3,2,80,1,23,4,3,3,2-5,2,1,2
EMP0789,28,Under 30,No,Travel_Rarely,857,Research & Development,10,3,Other,1,1097,3,Female,59,3,2,Research Scientist,3,Single,3660,Medium,7909,3,Y,No,13,3,4,80,0,10,4,4,8,5-10,7,1,7
EMP0790,44,40+,Yes,Travel_Rarely,1376,Human Resources,1,2,Medical,1,1098,2,Male,91,2,3,Human Resources,1,Married,10482,High,2326,9,Y,No,14,3,4,80,1,24,1,3,20,10+,6,3,6
EMP0791,33,30-40,No,Travel_Rarely,654,Research & Development,5,3,Life Sciences,1,1099,4,Male,34,2,3,Healthcare Representative,4,Divorced,7119,High,21214,4,Y,No,15,3,3,80,1,9,2,3,3,2-5,2,1,2
EMP0792,35,30-40,Yes,Travel_Rarely,1204,Sales,4,3,Technical Degree,1,1100,4,Male,86,3,3,Sales Executive,1,Single,9582,High,10333,0,Y,Yes,22,4,1,80,0,9,2,3,8,5-10,7,4,7
EMP0793,33,30-40,Yes,Travel_Frequently,827,Research & Development,29,4,Medical,1,1101,1,Female,54,2,2,Research Scientist,3,Single,4508,Medium,3129,1,Y,No,22,4,2,80,0,14,4,3,13,10+,7,3,8
EMP0794,28,Under 30,No,Travel_Rarely,895,Research & Development,15,2,Life Sciences,1,1102,1,Male,50,3,1,Laboratory Technician,3,Divorced,2207,Low,22482,1,Y,No,16,3,4,80,1,4,5,2,4,2-5,2,2,2
EMP0795,34,30-40,No,Travel_Frequently,618,Research & Development,3,1,Life Sciences,1,1103,1,Male,45,3,2,Healthcare Representative,4,Single,7756,High,22266,0,Y,No,17,3,3,80,0,7,1,2,6,5-10,2,0,4
EMP0796,37,30-40,No,Travel_Rarely,309,Sales,10,4,Life Sciences,1,1105,4,Female,88,2,2,Sales Executive,4,Divorced,6694,Medium,24223,2,Y,Yes,14,3,3,80,3,8,5,3,1,<2,0,0,0
EMP0797,25,Under 30,Yes,Travel_Rarely,1219,Research & Development,4,1,Technical Degree,1,1106,4,Male,32,3,1,Laboratory Technician,4,Married,3691,Medium,4605,1,Y,Yes,15,3,2,80,1,7,3,4,7,5-10,7,5,6
EMP0798,26,Under 30,Yes,Travel_Rarely,1330,Research & Development,21,3,Medical,1,1107,1,Male,37,3,1,Laboratory Technician,3,Divorced,2377,Low,19373,1,Y,No,20,4,3,80,1,1,0,2,1,<2,1,0,0
EMP0799,33,30-40,Yes,Travel_Rarely,1017,Research & Development,25,3,Medical,1,1108,1,Male,55,2,1,Research Scientist,2,Single,2313,Low,2993,4,Y,Yes,20,4,2,80,0,5,0,3,2,2-5,2,2,2
EMP0800,42,40+,No,Travel_Rarely,469,Research & Development,2,2,Medical,1,1109,4,Male,35,3,4,Manager,1,Married,17665,High,14399,0,Y,No,17,3,4,80,1,23,3,3,22,10+,6,13,7
EMP0801,28,Under 30,Yes,Travel_Frequently,1009,Research & Development,1,3,Medical,1,1111,1,Male,45,2,1,Laboratory Technician,2,Divorced,2596,Low,7160,1,Y,No,15,3,1,80,2,1,2,3,1,<2,0,0,0
EMP0802,50,40+,Yes,Travel_Frequently,959,Sales,1,4,Other,1,1113,4,Male,81,3,2,Sales Executive,3,Single,4728,Medium,17251,3,Y,Yes,14,3,4,80,0,5,4,3,0,<2,0,0,0
EMP0803,33,30-40,No,Travel_Frequently,970,Sales,7,3,Life Sciences,1,1114,4,Female,30,3,2,Sales Executive,2,Married,4302,Medium,13401,0,Y,No,17,3,3,80,1,4,3,3,3,2-5,2,0,2
EMP0804,34,30-40,No,Non-Travel,697,Research & Development,3,4,Life Sciences,1,1115,3,Male,40,2,1,Research Scientist,4,Married,2979,Low,22478,3,Y,No,17,3,4,80,3,6,2,3,0,<2,0,0,0
EMP0805,48,40+,No,Non-Travel,1262,Research & Development,1,4,Medical,1,1116,1,Male,35,4,4,Manager,4,Single,16885,High,16154,2,Y,No,22,4,3,80,0,27,3,2,5,2-5,4,2,1
EMP0806,45,40+,No,Non-Travel,1050,Sales,9,4,Life Sciences,1,1117,2,Female,65,2,2,Sales Executive,3,Married,5593,Medium,17970,1,Y,No,13,3,4,80,1,15,2,3,15,10+,10,4,12
EMP0807,52,40+,No,Travel_Rarely,994,Research & Development,7,4,Life Sciences,1,1118,2,Male,87,3,3,Healthcare Representative,2,Single,10445,High,15322,7,Y,No,19,3,4,80,0,18,4,3,8,5-10,6,4,0
EMP0808,38,30-40,No,Travel_Rarely,770,Sales,10,4,Marketing,1,1119,3,Male,73,2,3,Sales Executive,3,Divorced,8740,High,5569,0,Y,Yes,14,3,2,80,2,9,2,3,8,5-10,7,2,7
EMP0809,29,Under 30,No,Travel_Rarely,1107,Research & Development,28,4,Life Sciences,1,1120,3,Female,93,3,1,Research Scientist,4,Divorced,2514,Low,26968,4,Y,No,22,4,1,80,1,11,1,3,7,5-10,5,1,7
EMP0810,28,Under 30,No,Travel_Rarely,950,Research & Development,3,3,Medical,1,1121,4,Female,93,3,3,Manufacturing Director,2,Divorced,7655,High,8039,0,Y,No,17,3,2,80,3,10,3,2,9,5-10,7,1,7
EMP0811,46,40+,No,Travel_Rarely,406,Sales,3,1,Marketing,1,1124,1,Male,52,3,4,Manager,3,Married,17465,High,15596,3,Y,No,12,3,4,80,1,23,3,3,12,10+,9,4,9
EMP0812,38,30-40,No,Travel_Rarely,130,Sales,2,2,Marketing,1,1125,4,Male,32,3,3,Sales Executive,2,Single,7351,High,20619,7,Y,No,16,3,3,80,0,10,2,3,1,<2,0,0,0
EMP0813,43,40+,No,Travel_Frequently,1082,Research & Development,27,3,Life Sciences,1,1126,3,Female,83,3,3,Manufacturing Director,1,Married,10820,High,11535,8,Y,No,11,3,3,80,1,18,1,3,8,5-10,7,0,1
EMP0814,39,30-40,Yes,Travel_Frequently,203,Research & Development,2,3,Life Sciences,1,1127,1,Male,84,3,4,Healthcare Representative,4,Divorced,12169,High,13547,7,Y,No,11,3,4,80,3,21,4,3,18,10+,7,11,5
EMP0815,40,30-40,No,Travel_Rarely,1308,Research & Development,14,3,Medical,1,1128,3,Male,44,2,5,Research Director,3,Single,19626,High,17544,1,Y,No,14,3,1,80,0,21,2,4,20,10+,7,4,9
EMP0816,21,Under 30,No,Travel_Rarely,984,Research & Development,1,1,Technical Degree,1,1131,4,Female,70,2,1,Research Scientist,2,Single,2070,Low,25326,1,Y,Yes,11,3,3,80,0,2,6,4,2,2-5,2,2,2
EMP0817,39,30-40,No,Non-Travel,439,Research & Development,9,3,Life Sciences,1,1132,3,Male,70,3,2,Laboratory Technician,2,Single,6782,Medium,8770,9,Y,No,15,3,3,80,0,9,2,2,5,2-5,4,0,3
EMP0818,36,30-40,No,Non-Travel,217,Research & Development,18,4,Life Sciences,1,1133,1,Male,78,3,2,Manufacturing Director,4,Single,7779,High,23238,2,Y,No,20,4,1,80,0,18,0,3,11,10+,9,0,9
EMP0819,31,30-40,No,Travel_Frequently,793,Sales,20,3,Life Sciences,1,1135,3,Male,67,4,1,Sales Representative,4,Married,2791,Low,21981,0,Y,No,12,3,1,80,1,3,4,3,2,2-5,2,2,2
EMP0820,28,Under 30,No,Travel_Rarely,1451,Research & Development,2,1,Life Sciences,1,1136,1,Male,67,2,1,Research Scientist,2,Married,3201,Medium,19911,0,Y,No,17,3,1,80,0,6,2,1,5,2-5,3,0,4
EMP0821,35,30-40,No,Travel_Frequently,1182,Sales,11,2,Marketing,1,1137,4,Male,54,3,2,Sales Executive,4,Divorced,4968,Medium,18500,1,Y,No,11,3,4,80,1,5,3,3,5,2-5,2,0,2
EMP0822,49,40+,No,Travel_Rarely,174,Sales,8,4,Technical Degree,1,1138,4,Male,56,2,4,Sales Executive,2,Married,13120,High,11879,6,Y,No,17,3,2,80,1,22,3,3,9,5-10,8,2,3
EMP0823,34,30-40,No,Travel_Frequently,1003,Research & Development,2,2,Life Sciences,1,1140,4,Male,95,3,2,Manufacturing Director,3,Single,4033,Medium,15834,2,Y,No,11,3,4,80,0,5,3,2,3,2-5,2,0,2
EMP0824,29,Under 30,No,Travel_Frequently,490,Research & Development,10,3,Life Sciences,1,1143,4,Female,61,3,1,Research Scientist,2,Divorced,3291,Medium,17940,0,Y,No,14,3,4,80,2,8,2,2,7,5-10,5,1,1
EMP0825,42,40+,No,Travel_Rarely,188,Research & Development,29,3,Medical,1,1148,2,Male,56,1,2,Laboratory Technician,4,Single,4272,Medium,9558,4,Y,No,19,3,1,80,0,16,3,3,1,<2,0,0,0
EMP0826,29,Under 30,No,Travel_Rarely,718,Research & Development,8,1,Medical,1,1150,2,Male,79,2,2,Manufacturing Director,4,Married,5056,Medium,17689,1,Y,Yes,15,3,3,80,1,10,2,2,10,5-10,7,1,2
EMP0827,38,30-40,No,Travel_Rarely,433,Human Resources,1,3,Human Resources,1,1152,3,Male,37,4,1,Human Resources,3,Married,2844,Low,6004,1,Y,No,13,3,4,80,1,7,2,4,7,5-10,6,5,0
EMP0828,28,Under 30,No,Travel_Frequently,773,Research & Development,6,3,Life Sciences,1,1154,3,Male,39,2,1,Research Scientist,3,Divorced,2703,Low,22088,1,Y,Yes,14,3,4,80,1,3,2,3,3,2-5,1,0,2
EMP0829,18,Under 30,Yes,Non-Travel,247,Research & Development,8,1,Medical,1,1156,3,Male,80,3,1,Laboratory Technician,3,Single,1904,Low,13556,1,Y,No,12,3,4,80,0,0,0,3,0,<2,0,0,0
EMP0830,33,30-40,Yes,Travel_Rarely,603,Sales,9,4,Marketing,1,1157,1,Female,77,3,2,Sales Executive,1,Single,8224,High,18385,0,Y,Yes,17,3,1,80,0,6,3,3,5,2-5,2,0,3
EMP0831,41,40+,No,Travel_Rarely,167,Research & Development,12,4,Life Sciences,1,1158,2,Male,46,3,1,Laboratory Technician,4,Married,4766,Medium,9051,3,Y,Yes,11,3,1,80,1,6,4,3,1,<2,0,0,0
EMP0832,31,30-40,Yes,Travel_Frequently,874,Research & Development,15,3,Medical,1,1160,3,Male,72,3,1,Laboratory Technician,3,Married,2610,Low,6233,1,Y,No,12,3,3,80,1,2,5,2,2,2-5,2,2,2
EMP0833,37,30-40,No,Travel_Rarely,367,Research & Development,25,2,Medical,1,1161,3,Female,52,2,2,Healthcare Representative,4,Divorced,5731,Medium,17171,7,Y,No,13,3,3,80,2,9,2,3,6,5-10,2,1,3
EMP0834,27,Under 30,No,Travel_Rarely,199,Research & Development,6,3,Life Sciences,1,1162,4,Male,55,2,1,Research Scientist,3,Married,2539,Low,7950,1,Y,No,13,3,3,80,1,4,0,3,4,2-5,2,2,2
EMP0835,34,30-40,No,Travel_Rarely,1400,Sales,9,1,Life Sciences,1,1163,2,Female,70,3,2,Sales Executive,3,Married,5714,Medium,5829,1,Y,No,20,4,1,80,0,6,3,2,6,5-10,5,1,3
EMP0836,35,30-40,No,Travel_Rarely,528,Human Resources,8,4,Technical Degree,1,1164,3,Male,100,3,1,Human Resources,3,Single,4323,Medium,7108,1,Y,No,17,3,2,80,0,6,2,1,5,2-5,4,1,4
EMP0837,29,Under 30,Yes,Travel_Rarely,408,Sales,23,1,Life Sciences,1,1165,4,Female,45,2,3,Sales Executive,1,Married,7336,High,11162,1,Y,No,13,3,1,80,1,11,3,1,11,10+,8,3,10
EMP0838,40,30-40,No,Travel_Frequently,593,Research & Development,9,4,Medical,1,1166,2,Female,88,3,3,Research Director,3,Single,13499,High,13782,9,Y,No,17,3,3,80,0,20,3,2,18,10+,7,2,13
EMP0839,42,40+,Yes,Travel_Frequently,481,Sales,12,3,Life Sciences,1,1167,3,Male,44,3,4,Sales Executive,1,Single,13758,High,2447,0,Y,Yes,12,3,2,80,0,22,2,2,21,10+,9,13,14
EMP0840,42,40+,No,Travel_Rarely,647,Sales,4,4,Marketing,1,1171,2,Male,45,3,2,Sales Executive,1,Single,5155,Medium,2253,7,Y,No,13,3,4,80,0,9,3,4,6,5-10,4,1,5
EMP0841,35,30-40,No,Travel_Rarely,982,Research & Development,1,4,Medical,1,1172,4,Male,58,2,1,Laboratory Technician,3,Married,2258,Low,16340,6,Y,No,12,3,2,80,1,10,2,3,8,5-10,0,1,7
EMP0842,24,Under 30,No,Travel_Rarely,477,Research & Development,24,3,Medical,1,1173,4,Male,49,3,1,Laboratory Technician,2,Single,3597,Medium,6409,8,Y,No,22,4,4,80,0,6,2,3,4,2-5,3,1,2
EMP0843,28,Under 30,Yes,Travel_Rarely,1485,Research & Development,12,1,Life Sciences,1,1175,3,Female,79,3,1,Laboratory Technician,4,Married,2515,Low,22955,1,Y,Yes,11,3,4,80,0,1,4,2,1,<2,1,0,0
EMP0844,26,Under 30,No,Travel_Rarely,1384,Research & Development,3,4,Medical,1,1177,1,Male,82,4,1,Laboratory Technician,4,Married,4420,Medium,13421,1,Y,No,22,4,2,80,1,8,2,3,8,5-10,7,0,7
EMP0845,30,30-40,No,Travel_Rarely,852,Sales,10,3,Marketing,1,1179,3,Male,72,2,2,Sales Executive,3,Married,6578,Medium,2706,1,Y,No,18,3,1,80,1,10,3,3,10,5-10,3,1,4
EMP0846,40,30-40,No,Travel_Frequently,902,Research & Development,26,2,Medical,1,1180,3,Female,92,2,2,Research Scientist,4,Married,4422,Medium,21203,3,Y,Yes,13,3,4,80,1,16,3,1,1,<2,1,0,0
EMP0847,35,30-40,No,Travel_Rarely,819,Research & Development,2,3,Life Sciences,1,1182,3,Male,44,2,3,Manufacturing Director,2,Divorced,10274,High,19588,2,Y,No,18,3,2,80,1,15,2,4,7,5-10,7,6,4
EMP0848,34,30-40,No,Travel_Frequently,669,Research & Development,1,3,Medical,1,1184,4,Male,97,2,2,Healthcare Representative,1,Single,5343,Medium,25755,0,Y,No,20,4,3,80,0,14,3,3,13,10+,9,4,9
EMP0849,35,30-40,No,Travel_Frequently,636,Research & Development,4,4,Other,1,1185,4,Male,47,2,1,Laboratory Technician,4,Married,2376,Low,26537,1,Y,No,13,3,2,80,1,2,2,4,2,2-5,2,2,2
EMP0850,43,40+,Yes,Travel_Rarely,1372,Sales,9,3,Marketing,1,1188,1,Female,85,1,2,Sales Executive,3,Single,5346,Medium,9489,8,Y,No,13,3,2,80,0,7,2,2,4,2-5,3,1,3
EMP0851,32,30-40,No,Non-Travel,862,Sales,2,1,Life Sciences,1,1190,3,Female,76,3,1,Sales Representative,1,Divorced,2827,Low,14947,1,Y,No,12,3,3,80,3,1,3,3,1,<2,0,0,0
EMP0852,56,40+,No,Travel_Rarely,718,Research & Development,4,4,Technical Degree,1,1191,4,Female,92,3,5,Manager,1,Divorced,19943,High,18575,4,Y,No,13,3,4,80,1,28,2,3,5,2-5,2,4,2
EMP0853,29,Under 30,No,Travel_Rarely,1401,Research & Development,6,1,Medical,1,1192,2,Female,54,3,1,Laboratory Technician,4,Married,3131,Medium,26342,1,Y,No,13,3,1,80,1,10,5,3,10,5-10,8,0,8
EMP0854,19,Under 30,No,Travel_Rarely,645,Research & Development,9,2,Life Sciences,1,1193,3,Male,54,3,1,Research Scientist,1,Single,2552,Low,7172,1,Y,No,25,4,3,80,0,1,4,3,1,<2,1,0,0
EMP0855,45,40+,No,Travel_Rarely,1457,Research & Development,7,3,Medical,1,1195,1,Female,83,3,1,Research Scientist,3,Married,4477,Medium,20100,4,Y,Yes,19,3,3,80,1,7,2,2,3,2-5,2,0,2
EMP0856,37,30-40,No,Travel_Rarely,977,Research & Development,1,3,Life Sciences,1,1196,4,Female,56,2,2,Manufacturing Director,4,Married,6474,Medium,9961,1,Y,No,13,3,2,80,1,14,2,2,14,10+,8,3,11
EMP0857,20,Under 30,No,Travel_Rarely,805,Research & Development,3,3,Life Sciences,1,1198,1,Male,87,2,1,Laboratory Technician,3,Single,3033,Medium,12828,1,Y,No,12,3,1,80,0,2,2,2,2,2-5,2,1,2
EMP0858,44,40+,Yes,Travel_Rarely,1097,Research & Development,10,4,Life Sciences,1,1200,3,Male,96,3,1,Research Scientist,3,Single,2936,Low,10826,1,Y,Yes,11,3,3,80,0,6,4,3,6,5-10,4,0,2
EMP0859,53,40+,No,Travel_Rarely,1223,Research & Development,7,2,Medical,1,1201,4,Female,50,3,5,Manager,3,Divorced,18606,High,18640,3,Y,No,18,3,2,80,1,26,6,3,7,5-10,7,4,7
EMP0860,29,Under 30,No,Travel_Rarely,942,Research & Development,15,1,Life Sciences,1,1202,2,Female,69,1,1,Research Scientist,4,Married,2168,Low,26933,0,Y,Yes,18,3,1,80,1,6,2,2,5,2-5,4,1,3
EMP0861,22,Under 30,Yes,Travel_Frequently,1256,Research & Development,3,4,Life Sciences,1,1203,3,Male,48,2,1,Research Scientist,4,Married,2853,Low,4223,0,Y,Yes,11,3,2,80,1,1,5,3,0,<2,0,0,0
EMP0862,46,40+,No,Travel_Rarely,1402,Sales,2,3,Marketing,1,1204,3,Female,69,3,4,Manager,1,Married,17048,High,24097,8,Y,No,23,4,1,80,0,28,2,3,26,10+,15,15,9
EMP0863,44,40+,No,Non-Travel,111,Research & Development,17,3,Life Sciences,1,1206,4,Male,74,1,1,Research Scientist,3,Single,2290,Low,4279,2,Y,No,13,3,4,80,0,6,3,3,0,<2,0,0,0
EMP0864,33,30-40,No,Travel_Rarely,147,Human Resources,2,3,Human Resources,1,1207,2,Male,99,3,1,Human Resources,3,Married,3600,Medium,8429,1,Y,No,13,3,4,80,1,5,2,3,5,2-5,4,1,4
EMP0865,41,40+,Yes,Non-Travel,906,Research & Development,5,2,Life Sciences,1,1210,1,Male,95,2,1,Research Scientist,1,Divorced,2107,Low,20293,6,Y,No,17,3,1,80,1,5,2,1,1,<2,0,0,0
EMP0866,30,30-40,No,Travel_Rarely,1329,Sales,29,4,Life Sciences,1,1211,3,Male,61,3,2,Sales Executive,1,Divorced,4115,Medium,13192,8,Y,No,19,3,3,80,3,8,3,3,4,2-5,3,0,3
EMP0867,40,30-40,No,Travel_Frequently,1184,Sales,2,4,Medical,1,1212,2,Male,62,3,2,Sales Executive,2,Married,4327,Medium,25440,5,Y,No,12,3,4,80,3,5,2,3,0,<2,0,0,0
EMP0868,50,40+,No,Travel_Frequently,1421,Research & Development,2,3,Medical,1,1215,4,Female,30,3,4,Manager,1,Married,17856,High,9490,2,Y,No,22,4,3,80,1,32,3,3,2,2-5,2,2,2
EMP0869,28,Under 30,No,Travel_Rarely,1179,Research & Development,19,4,Medical,1,1216,4,Male,78,2,1,Laboratory Technician,1,Married,3196,Medium,12449,1,Y,No,12,3,3,80,3,6,2,3,6,5-10,5,3,3
EMP0870,46,40+,No,Travel_Rarely,1450,Research & Development,15,2,Life Sciences,1,1217,4,Male,52,3,5,Research Director,2,Married,19081,High,10849,5,Y,No,11,3,1,80,1,25,2,3,4,2-5,2,0,3
EMP0871,35,30-40,No,Travel_Rarely,1361,Sales,17,4,Life Sciences,1,1218,3,Male,94,3,2,Sales Executive,1,Married,8966,High,21026,3,Y,Yes,15,3,4,80,3,15,2,3,7,5-10,7,1,7
EMP0872,24,Under 30,Yes,Travel_Rarely,984,Research & Development,17,2,Life Sciences,1,1219,4,Female,97,3,1,Laboratory Technician,2,Married,2210,Low,3372,1,Y,No,13,3,1,80,1,1,3,1,1,<2,0,0,0
EMP0873,33,30-40,No,Travel_Frequently,1146,Sales,25,3,Medical,1,1220,2,Female,82,3,2,Sales Executive,3,Married,4539,Medium,4905,1,Y,No,12,3,1,80,1,10,3,2,10,5-10,7,0,1
EMP0874,36,30-40,No,Travel_Rarely,917,Research & Development,6,4,Life Sciences,1,1221,3,Male,60,1,1,Laboratory Technician,3,Divorced,2741,Low,6865,1,Y,No,14,3,3,80,1,7,4,3,7,5-10,7,1,7
EMP0875,30,30-40,No,Travel_Rarely,853,Research & Development,7,4,Life Sciences,1,1224,3,Male,49,3,2,Laboratory Technician,3,Divorced,3491,Medium,11309,1,Y,No,13,3,1,80,3,10,4,2,10,5-10,7,8,9
EMP0876,44,40+,No,Travel_Rarely,200,Research & Development,29,4,Other,1,1225,4,Male,32,3,2,Research Scientist,4,Single,4541,Medium,7744,1,Y,No,25,4,2,80,0,20,3,3,20,10+,11,13,17
EMP0877,20,Under 30,No,Travel_Rarely,654,Sales,21,3,Marketing,1,1226,3,Male,43,4,1,Sales Representative,4,Single,2678,Low,5050,1,Y,No,17,3,4,80,0,2,2,3,2,2-5,1,2,2
EMP0878,46,40+,No,Travel_Rarely,150,Research & Development,2,4,Technical Degree,1,1228,4,Male,60,3,2,Manufacturing Director,4,Divorced,7379,High,17433,2,Y,No,11,3,3,80,1,12,3,2,6,5-10,3,1,4
EMP0879,42,40+,No,Non-Travel,179,Human Resources,2,5,Medical,1,1231,4,Male,79,4,2,Human Resources,1,Married,6272,Medium,12858,7,Y,No,16,3,1,80,1,10,3,4,4,2-5,3,0,3
EMP0880,60,40+,No,Travel_Rarely,696,Sales,7,4,Marketing,1,1233,2,Male,52,4,2,Sales Executive,4,Divorced,5220,Medium,10893,0,Y,Yes,18,3,2,80,1,12,3,3,11,10+,7,1,9
EMP0881,32,30-40,No,Travel_Frequently,116,Research & Development,13,3,Other,1,1234,3,Female,77,2,1,Laboratory Technician,2,Married,2743,Low,7331,1,Y,No,20,4,3,80,1,2,2,3,2,2-5,2,2,2
EMP0882,32,30-40,No,Travel_Frequently,1316,Research & Development,2,2,Life Sciences,1,1235,4,Female,38,3,2,Research Scientist,3,Single,4998,Medium,2338,4,Y,Yes,14,3,4,80,0,10,2,3,8,5-10,7,0,7
EMP0883,36,30-40,No,Travel_Rarely,363,Research & Development,1,3,Technical Degree,1,1237,3,Female,77,1,3,Manufacturing Director,1,Divorced,10252,High,4235,2,Y,Yes,21,4,3,80,1,17,2,3,7,5-10,7,7,7
EMP0884,33,30-40,No,Travel_Rarely,117,Research & Development,9,3,Medical,1,1238,1,Male,60,3,1,Research Scientist,4,Married,2781,Low,6311,0,Y,No,13,3,2,80,1,15,5,3,14,10+,10,4,10
EMP0885,40,30-40,No,Travel_Rarely,107,Sales,10,3,Technical Degree,1,1239,2,Female,84,2,2,Sales Executive,2,Divorced,6852,Medium,11591,7,Y,No,12,3,2,80,1,7,2,4,5,2-5,1,1,3
EMP0886,25,Under 30,No,Travel_Rarely,1356,Sales,10,4,Life Sciences,1,1240,3,Male,57,3,2,Sales Executive,4,Single,4950,Medium,20623,0,Y,No,14,3,2,80,0,5,4,3,4,2-5,3,1,1
EMP0887,30,30-40,No,Travel_Rarely,1465,Research & Development,1,3,Medical,1,1241,4,Male,63,3,1,Research Scientist,2,Married,3579,Medium,9369,0,Y,Yes,21,4,1,80,1,12,2,3,11,10+,9,5,7
EMP0888,42,40+,No,Travel_Frequently,458,Research & Development,26,5,Medical,1,1242,1,Female,60,3,3,Research Director,1,Married,13191,High,23281,3,Y,Yes,17,3,3,80,0,20,6,3,1,<2,0,0,0
EMP0889,35,30-40,No,Non-Travel,1212,Sales,8,2,Marketing,1,1243,3,Female,78,2,3,Sales Executive,4,Married,10377,High,13755,4,Y,Yes,11,3,2,80,1,16,6,2,13,10+,2,4,12
EMP0890,27,Under 30,No,Travel_Rarely,1103,Research & Development,14,3,Life Sciences,1,1244,1,Male,42,3,1,Research Scientist,1,Married,2235,Low,14377,1,Y,Yes,14,3,4,80,2,9,3,2,9,5-10,7,6,8
EMP0891,54,40+,No,Travel_Frequently,966,Research & Development,1,4,Life Sciences,1,1245,4,Female,53,3,3,Manufacturing Director,3,Divorced,10502,High,9659,7,Y,No,17,3,1,80,1,33,2,1,5,2-5,4,1,4
EMP0892,44,40+,No,Travel_Rarely,1117,Research & Development,2,1,Life Sciences,1,1246,1,Female,72,4,1,Research Scientist,4,Married,2011,Low,19982,1,Y,No,13,3,4,80,1,10,5,3,10,5-10,5,7,7
EMP0893,19,Under 30,Yes,Non-Travel,504,Research & Development,10,3,Medical,1,1248,1,Female,96,2,1,Research Scientist,2,Single,1859,Low,6148,1,Y,Yes,25,4,2,80,0,1,2,4,1,<2,1,0,0
EMP0894,29,Under 30,No,Travel_Rarely,1010,Research & Development,1,3,Life Sciences,1,1249,1,Female,97,3,1,Research Scientist,4,Divorced,3760,Medium,5598,1,Y,No,15,3,1,80,3,3,5,3,3,2-5,2,1,2
EMP0895,54,40+,No,Travel_Rarely,685,Research & Development,3,3,Life Sciences,1,1250,4,Male,85,3,4,Research Director,4,Married,17779,High,23474,3,Y,No,14,3,1,80,0,36,2,3,10,5-10,9,0,9
EMP0896,31,30-40,No,Travel_Rarely,1332,Research & Development,11,2,Medical,1,1251,3,Male,80,3,2,Healthcare Representative,1,Married,6833,Medium,17089,1,Y,Yes,12,3,4,80,0,6,2,2,6,5-10,5,0,1
EMP0897,31,30-40,No,Travel_Rarely,1062,Research & Development,24,3,Medical,1,1252,3,Female,96,2,2,Healthcare Representative,1,Single,6812,Medium,17198,1,Y,No,19,3,2,80,0,10,2,3,10,5-10,9,1,8
EMP0898,59,40+,No,Travel_Rarely,326,Sales,3,3,Life Sciences,1,1254,3,Female,48,2,2,Sales Executive,4,Single,5171,Medium,16490,5,Y,No,17,3,4,80,0,13,2,3,6,5-10,1,0,5
EMP0899,43,40+,No,Travel_Rarely,920,Research & Development,3,3,Life Sciences,1,1255,3,Male,96,1,5,Research Director,4,Married,19740,High,18625,3,Y,No,14,3,2,80,1,25,2,3,8,5-10,7,0,7
EMP0900,49,40+,No,Travel_Rarely,1098,Research & Development,4,2,Medical,1,1256,1,Male,85,2,5,Manager,3,Married,18711,High,12124,2,Y,No,13,3,3,80,1,23,2,4,1,<2,0,0,0
EMP0901,36,30-40,No,Travel_Frequently,469,Research & Development,3,3,Technical Degree,1,1257,3,Male,46,3,1,Research Scientist,2,Married,3692,Medium,9256,1,Y,No,12,3,3,80,0,12,2,2,11,10+,10,0,7
EMP0902,48,40+,No,Travel_Rarely,969,Research & Development,2,2,Technical Degree,1,1258,4,Male,76,4,1,Laboratory Technician,2,Single,2559,Low,16620,5,Y,No,11,3,3,80,0,7,4,2,1,<2,0,0,0
EMP0903,27,Under 30,No,Travel_Rarely,1167,Research & Development,4,2,Life Sciences,1,1259,1,Male,76,3,1,Research Scientist,3,Divorced,2517,Low,3208,1,Y,No,11,3,2,80,3,5,2,3,5,2-5,3,0,3
EMP0904,29,Under 30,No,Travel_Rarely,1329,Research & Development,7,3,Life Sciences,1,1260,3,Male,82,3,2,Healthcare Representative,4,Divorced,6623,Medium,4204,1,Y,Yes,11,3,2,80,2,6,2,3,6,5-10,0,1,0
EMP0905,48,40+,No,Travel_Rarely,715,Research & Development,1,3,Life Sciences,1,1263,4,Male,76,2,5,Research Director,4,Single,18265,High,8733,6,Y,No,12,3,3,80,0,25,3,4,1,<2,0,0,0
EMP0906,29,Under 30,No,Travel_Rarely,694,Research & Development,1,3,Life Sciences,1,1264,4,Female,87,2,4,Research Director,4,Divorced,16124,High,3423,3,Y,No,14,3,2,80,2,9,2,2,7,5-10,7,1,7
EMP0907,34,30-40,No,Travel_Rarely,1320,Research & Development,20,3,Technical Degree,1,1265,3,Female,89,4,1,Research Scientist,3,Married,2585,Low,21643,0,Y,No,17,3,4,80,0,2,5,2,1,<2,0,0,0
EMP0908,44,40+,No,Travel_Rarely,1099,Sales,5,3,Marketing,1,1267,2,Male,88,3,5,Manager,2,Married,18213,High,8751,7,Y,No,11,3,3,80,1,26,5,3,22,10+,9,3,10
EMP0909,33,30-40,No,Travel_Rarely,536,Sales,10,5,Marketing,1,1268,4,Male,82,4,3,Sales Executive,3,Divorced,8380,High,21708,0,Y,Yes,14,3,4,80,2,10,3,3,9,5-10,8,0,8
EMP0910,19,Under 30,No,Travel_Rarely,265,Research & Development,25,3,Life Sciences,1,1269,2,Female,57,4,1,Research Scientist,4,Single,2994,Low,21221,1,Y,Yes,12,3,4,80,0,1,2,3,1,<2,0,0,1
EMP0911,23,Under 30,No,Travel_Rarely,373,Research & Development,1,2,Life Sciences,1,1270,4,Male,47,3,1,Research Scientist,3,Married,1223,Low,16901,1,Y,No,22,4,4,80,1,1,2,3,1,<2,0,0,1
EMP0912,25,Under 30,Yes,Travel_Frequently,599,Sales,24,1,Life Sciences,1,1273,3,Male,73,1,1,Sales Representative,4,Single,1118,Low,8040,1,Y,Yes,14,3,4,80,0,1,4,3,1,<2,0,1,0
EMP0913,26,Under 30,No,Travel_Rarely,583,Research & Development,4,2,Life Sciences,1,1275,3,Male,53,3,1,Research Scientist,4,Single,2875,Low,9973,1,Y,Yes,20,4,2,80,0,8,2,2,8,5-10,5,2,2
EMP0914,45,40+,Yes,Travel_Rarely,1449,Sales,2,3,Marketing,1,1277,1,Female,94,1,5,Manager,2,Single,18824,High,2493,2,Y,Yes,16,3,1,80,0,26,2,3,24,10+,10,1,11
EMP0915,55,40+,No,Non-Travel,177,Research & Development,8,1,Medical,1,1278,4,Male,37,2,4,Healthcare Representative,2,Divorced,13577,High,25592,1,Y,Yes,15,3,4,80,1,34,3,3,33,10+,9,15,0
EMP0916,21,Under 30,Yes,Travel_Frequently,251,Research & Development,10,2,Life Sciences,1,1279,1,Female,45,2,1,Laboratory Technician,3,Single,2625,Low,25308,1,Y,No,20,4,3,80,0,2,2,1,2,2-5,2,2,2
EMP0917,46,40+,No,Travel_Rarely,168,Sales,4,2,Marketing,1,1280,4,Female,33,2,5,Manager,2,Married,18789,High,9946,2,Y,No,14,3,3,80,1,26,2,3,11,10+,4,0,8
EMP0918,34,30-40,No,Travel_Rarely,131,Sales,2,3,Marketing,1,1281,3,Female,86,3,2,Sales Executive,1,Single,4538,Medium,6039,0,Y,Yes,12,3,4,80,0,4,3,3,3,2-5,2,0,2
EMP0919,51,40+,No,Travel_Frequently,237,Sales,9,3,Life Sciences,1,1282,4,Male,83,3,5,Manager,2,Divorced,19847,High,19196,4,Y,Yes,24,4,1,80,1,31,5,2,29,10+,10,11,10
EMP0920,59,40+,No,Travel_Rarely,1429,Research & Development,18,4,Medical,1,1283,4,Male,67,3,3,Manufacturing Director,4,Single,10512,High,20002,6,Y,No,12,3,4,80,0,25,6,2,9,5-10,7,5,4
EMP0921,34,30-40,No,Travel_Frequently,135,Research & Development,19,3,Medical,1,1285,3,Female,46,3,2,Laboratory Technician,2,Divorced,4444,Medium,22534,4,Y,No,13,3,3,80,2,15,2,4,11,10+,8,5,10
EMP0922,28,Under 30,No,Travel_Frequently,791,Research & Development,1,4,Medical,1,1286,4,Male,44,3,1,Laboratory Technician,3,Single,2154,Low,6842,0,Y,Yes,11,3,3,80,0,5,2,2,4,2-5,2,0,2
EMP0923,44,40+,No,Travel_Rarely,1199,Research & Development,4,2,Life Sciences,1,1288,3,Male,92,4,5,Manager,1,Divorced,19190,High,17477,1,Y,No,14,3,4,80,2,26,4,2,25,10+,9,14,13
EMP0924,34,30-40,No,Travel_Frequently,648,Human Resources,11,3,Life Sciences,1,1289,3,Male,56,2,2,Human Resources,2,Married,4490,Medium,21833,4,Y,No,11,3,4,80,2,14,5,4,10,5-10,9,1,8
EMP0925,35,30-40,No,Travel_Rarely,735,Research & Development,6,1,Life Sciences,1,1291,3,Male,66,3,1,Research Scientist,3,Married,3506,Medium,6020,0,Y,Yes,14,3,4,80,0,4,3,3,3,2-5,2,2,2
EMP0926,42,40+,No,Travel_Rarely,603,Research & Development,7,4,Medical,1,1292,2,Female,78,4,2,Research Scientist,2,Married,2372,Low,5628,6,Y,Yes,16,3,4,80,0,18,2,3,1,<2,0,0,0
EMP0927,43,40+,No,Travel_Rarely,531,Sales,4,4,Marketing,1,1293,4,Female,56,2,3,Sales Executive,4,Single,10231,High,20364,3,Y,No,14,3,4,80,0,23,3,4,21,10+,7,15,17
EMP0928,36,30-40,No,Travel_Rarely,429,Research & Development,2,4,Life Sciences,1,1294,3,Female,53,3,2,Manufacturing Director,2,Single,5410,Medium,2323,9,Y,Yes,11,3,4,80,0,18,2,3,16,10+,14,5,12
EMP0929,44,40+,Yes,Travel_Rarely,621,Research & Development,15,3,Medical,1,1295,1,Female,73,3,3,Healthcare Representative,4,Married,7978,High,14075,1,Y,No,11,3,4,80,1,10,2,3,10,5-10,7,0,5
EMP0930,28,Under 30,No,Travel_Frequently,193,Research & Development,2,3,Life Sciences,1,1296,4,Male,52,2,1,Laboratory Technician,4,Married,3867,Medium,14222,1,Y,Yes,12,3,2,80,1,2,2,3,2,2-5,2,2,2
EMP0931,51,40+,No,Travel_Frequently,968,Research & Development,6,2,Medical,1,1297,2,Female,40,2,1,Laboratory Technician,3,Single,2838,Low,4257,0,Y,No,14,3,2,80,0,8,6,2,7,5-10,0,7,7
EMP0932,30,30-40,No,Non-Travel,879,Research & Development,9,2,Medical,1,1298,3,Female,72,3,2,Manufacturing Director,3,Single,4695,Medium,12858,7,Y,Yes,18,3,3,80,0,10,3,3,8,5-10,4,1,7
EMP0933,29,Under 30,Yes,Travel_Rarely,806,Research & Development,7,3,Technical Degree,1,1299,2,Female,39,3,1,Laboratory Technician,3,Divorced,3339,Medium,17285,3,Y,Yes,13,3,1,80,2,10,2,3,7,5-10,7,7,7
EMP0934,28,Under 30,No,Travel_Rarely,640,Research & Development,1,3,Technical Degree,1,1301,4,Male,84,3,1,Research Scientist,1,Single,2080,Low,4732,2,Y,No,11,3,2,80,0,5,2,2,3,2-5,2,1,2
EMP0935,25,Under 30,No,Travel_Rarely,266,Research & Development,1,3,Medical,1,1303,4,Female,40,3,1,Research Scientist,2,Single,2096,Low,18830,1,Y,No,18,3,4,80,0,2,3,2,2,2-5,2,2,1
EMP0936,32,30-40,No,Travel_Rarely,604,Sales,8,3,Medical,1,1304,3,Male,56,4,2,Sales Executive,4,Married,6209,Medium,11693,1,Y,No,15,3,3,80,2,10,4,4,10,5-10,7,0,8
EMP0937,45,40+,No,Travel_Frequently,364,Research & Development,25,3,Medical,1,1306,2,Female,83,3,5,Manager,2,Single,18061,High,13035,3,Y,No,22,4,3,80,0,22,4,3,0,<2,0,0,0
EMP0938,39,30-40,No,Travel_Rarely,412,Research & Development,13,4,Medical,1,1307,3,Female,94,2,4,Manager,2,Divorced,17123,High,17334,6,Y,Yes,13,3,4,80,2,21,4,3,19,10+,9,15,2
EMP0939,58,40+,No,Travel_Rarely,848,Research & Development,23,4,Life Sciences,1,1308,1,Male,88,3,1,Research Scientist,3,Divorced,2372,Low,26076,1,Y,No,12,3,4,80,2,2,3,3,2,2-5,2,2,2
EMP0940,32,30-40,Yes,Travel_Rarely,1089,Research & Development,7,2,Life Sciences,1,1309,4,Male,79,3,2,Laboratory Technician,3,Married,4883,Medium,22845,1,Y,No,18,3,1,80,1,10,3,3,10,5-10,4,1,1
EMP0941,39,30-40,Yes,Travel_Rarely,360,Research & Development,23,3,Medical,1,1310,3,Male,93,3,1,Research Scientist,1,Single,3904,Medium,22154,0,Y,No,13,3,1,80,0,6,2,3,5,2-5,2,0,3
EMP0942,30,30-40,No,Travel_Rarely,1138,Research & Development,6,3,Technical Degree,1,1311,1,Female,48,2,2,Laboratory Technician,4,Married,4627,Medium,23631,0,Y,No,12,3,1,80,1,10,6,3,9,5-10,2,6,7
EMP0943,36,30-40,No,Travel_Rarely,325,Research & Development,10,4,Technical Degree,1,1312,4,Female,63,3,3,Healthcare Representative,3,Married,7094,High,5747,3,Y,No,12,3,1,80,0,10,0,3,7,5-10,7,1,7
EMP0944,46,40+,No,Travel_Rarely,991,Human Resources,1,2,Life Sciences,1,1314,4,Female,44,3,1,Human Resources,1,Single,3423,Medium,22957,6,Y,No,12,3,3,80,0,10,3,4,7,5-10,6,5,7
EMP0945,28,Under 30,No,Non-Travel,1476,Research & Development,1,3,Life Sciences,1,1315,3,Female,55,1,2,Laboratory Technician,4,Married,6674,Medium,16392,0,Y,No,11,3,1,80,3,10,6,3,9,5-10,8,7,5
EMP0946,50,40+,No,Travel_Rarely,1322,Research & Development,28,3,Life Sciences,1,1317,4,Female,43,3,4,Research Director,1,Married,16880,High,22422,4,Y,Yes,11,3,2,80,0,25,2,3,3,2-5,2,1,2
EMP0947,40,30-40,Yes,Travel_Rarely,299,Sales,25,4,Marketing,1,1318,4,Male,57,2,3,Sales Executive,2,Single,9094,High,17235,2,Y,Yes,12,3,3,80,0,9,2,3,5,2-5,4,1,0
EMP0948,52,40+,Yes,Travel_Rarely,1030,Sales,5,3,Life Sciences,1,1319,2,Male,64,3,3,Sales Executive,2,Single,8446,High,21534,9,Y,Yes,19,3,3,80,0,10,2,2,8,5-10,7,7,7
EMP0949,30,30-40,No,Travel_Rarely,634,Research & Development,17,4,Medical,1,1321,2,Female,95,3,3,Manager,1,Married,11916,High,25927,1,Y,Yes,23,4,4,80,2,9,2,3,9,5-10,1,0,8
EMP0950,39,30-40,No,Travel_Rarely,524,Research & Development,18,2,Life Sciences,1,1322,1,Male,32,3,2,Manufacturing Director,3,Single,4534,Medium,13352,0,Y,No,11,3,1,80,0,9,6,3,8,5-10,7,1,7
EMP0951,31,30-40,No,Non-Travel,587,Sales,2,4,Life Sciences,1,1324,4,Female,57,3,3,Sales Executive,3,Divorced,9852,High,8935,1,Y,Yes,19,3,1,80,1,10,5,2,10,5-10,8,9,6
EMP0952,41,40+,No,Non-Travel,256,Sales,10,2,Medical,1,1329,3,Male,40,1,2,Sales Executive,2,Single,6151,Medium,22074,1,Y,No,13,3,1,80,0,19,4,3,19,10+,2,11,9
EMP0953,31,30-40,Yes,Travel_Frequently,1060,Sales,1,3,Life Sciences,1,1331,4,Female,54,3,1,Sales Representative,2,Single,2302,Low,8319,1,Y,Yes,11,3,1,80,0,3,2,4,3,2-5,2,2,2
EMP0954,44,40+,Yes,Travel_Rarely,935,Research & Development,3,3,Life Sciences,1,1333,1,Male,89,3,1,Laboratory Technician,1,Married,2362,Low,14669,4,Y,No,12,3,3,80,0,10,4,4,3,2-5,2,1,2
EMP0955,42,40+,No,Non-Travel,495,Research & Development,2,1,Life Sciences,1,1334,3,Male,37,3,4,Manager,3,Married,17861,High,26582,0,Y,Yes,13,3,4,80,0,21,3,2,20,10+,8,2,10
EMP0956,55,40+,No,Travel_Rarely,282,Research & Development,2,2,Medical,1,1336,4,Female,58,1,5,Manager,3,Married,19187,High,6992,4,Y,No,14,3,4,80,1,23,5,3,19,10+,9,9,11
EMP0957,56,40+,No,Travel_Rarely,206,Human Resources,8,4,Life Sciences,1,1338,4,Male,99,3,5,Manager,2,Single,19717,High,4022,6,Y,No,14,3,1,80,0,36,4,3,7,5-10,3,7,7
EMP0958,40,30-40,No,Non-Travel,458,Research & Development,16,2,Life Sciences,1,1340,3,Male,74,3,1,Research Scientist,3,Divorced,3544,Medium,8532,9,Y,No,16,3,2,80,1,6,0,3,4,2-5,2,0,0
EMP0959,34,30-40,No,Travel_Rarely,943,Research & Development,9,3,Life Sciences,1,1344,4,Male,86,3,3,Healthcare Representative,4,Divorced,8500,High,5494,0,Y,No,11,3,4,80,1,10,0,2,9,5-10,7,1,6
EMP0960,40,30-40,No,Travel_Rarely,523,Research & Development,2,3,Life Sciences,1,1346,3,Male,98,3,2,Research Scientist,4,Single,4661,Medium,22455,1,Y,No,13,3,3,80,0,9,4,3,9,5-10,8,8,8
EMP0961,41,40+,No,Travel_Frequently,1018,Sales,1,3,Marketing,1,1349,3,Female,66,3,2,Sales Executive,1,Divorced,4103,Medium,4297,0,Y,No,17,3,4,80,1,10,2,3,9,5-10,3,1,7
EMP0962,35,30-40,No,Travel_Frequently,482,Research & Development,4,4,Life Sciences,1,1350,3,Male,87,3,2,Research Scientist,3,Single,4249,Medium,2690,1,Y,Yes,11,3,2,80,0,9,3,3,9,5-10,6,1,1
EMP0963,51,40+,No,Travel_Rarely,770,Human Resources,5,3,Life Sciences,1,1352,3,Male,84,3,4,Manager,2,Divorced,14026,High,17588,1,Y,Yes,11,3,2,80,1,33,2,3,33,10+,9,0,10
EMP0964,38,30-40,No,Travel_Rarely,1009,Sales,2,2,Life Sciences,1,1355,2,Female,31,3,2,Sales Executive,1,Divorced,6893,Medium,19461,3,Y,No,15,3,4,80,1,11,3,3,7,5-10,7,1,7
EMP0965,34,30-40,No,Travel_Rarely,507,Sales,15,2,Medical,1,1356,3,Female,66,3,2,Sales Executive,1,Single,6125,Medium,23553,1,Y,No,12,3,4,80,0,10,6,4,10,5-10,8,9,6
EMP0966,25,Under 30,No,Travel_Rarely,882,Research & Development,19,1,Medical,1,1358,4,Male,67,3,1,Laboratory Technician,4,Married,3669,Medium,9075,3,Y,No,11,3,3,80,3,7,6,2,3,2-5,2,1,2
EMP0967,58,40+,Yes,Travel_Rarely,601,Research & Development,7,4,Medical,1,1360,3,Female,53,2,3,Manufacturing Director,1,Married,10008,High,12023,7,Y,Yes,14,3,4,80,0,31,0,2,10,5-10,9,5,9
EMP0968,40,30-40,No,Travel_Rarely,329,Research & Development,1,4,Life Sciences,1,1361,2,Male,88,3,1,Laboratory Technician,2,Married,2387,Low,6762,3,Y,No,22,4,3,80,1,7,3,3,4,2-5,2,0,3
EMP0969,36,30-40,No,Travel_Frequently,607,Sales,7,3,Marketing,1,1362,1,Female,83,4,2,Sales Executive,1,Married,4639,Medium,2261,2,Y,No,16,3,4,80,1,17,2,2,15,10+,7,6,13
EMP0970,48,40+,No,Travel_Rarely,855,Research & Development,4,3,Life Sciences,1,1363,4,Male,54,3,3,Manufacturing Director,4,Single,7898,High,18706,1,Y,No,11,3,3,80,0,11,2,3,10,5-10,9,0,8
EMP0971,27,Under 30,No,Travel_Rarely,1291,Sales,11,3,Medical,1,1364,3,Female,98,4,1,Sales Representative,4,Married,2534,Low,6527,8,Y,No,14,3,2,80,1,5,4,3,1,<2,0,0,0
EMP0972,51,40+,No,Travel_Rarely,1405,Research & Development,11,2,Technical Degree,1,1367,4,Female,82,2,4,Manufacturing Director,2,Single,13142,High,24439,3,Y,No,16,3,2,80,0,29,1,2,5,2-5,2,0,3
EMP0973,18,Under 30,No,Non-Travel,1124,Research & Development,1,3,Life Sciences,1,1368,4,Female,97,3,1,Laboratory Technician,4,Single,1611,Low,19305,1,Y,No,15,3,3,80,0,0,5,4,0,<2,0,0,0
EMP0974,35,30-40,No,Travel_Rarely,817,Research & Development,1,3,Medical,1,1369,4,Female,60,2,2,Laboratory Technician,4,Married,5363,Medium,10846,0,Y,No,12,3,2,80,1,10,0,3,9,5-10,7,0,0
EMP0975,27,Under 30,No,Travel_Frequently,793,Sales,2,1,Life Sciences,1,1371,4,Male,43,1,2,Sales Executive,4,Single,5071,Medium,20392,3,Y,No,20,4,2,80,0,8,3,3,6,5-10,2,0,0
EMP0976,55,40+,Yes,Travel_Rarely,267,Sales,13,4,Marketing,1,1372,1,Male,85,4,4,Sales Executive,3,Single,13695,High,9277,6,Y,Yes,17,3,3,80,0,24,2,2,19,10+,7,3,8
EMP0977,56,40+,No,Travel_Rarely,1369,Research & Development,23,3,Life Sciences,1,1373,4,Male,68,3,4,Manufacturing Director,2,Married,13402,High,18235,4,Y,Yes,12,3,1,80,1,33,0,3,19,10+,16,15,9
EMP0978,34,30-40,No,Non-Travel,999,Research & Development,26,1,Technical Degree,1,1374,1,Female,92,2,1,Research Scientist,3,Divorced,2029,Low,15891,1,Y,No,20,4,3,80,3,5,2,3,5,2-5,4,0,0
EMP0979,40,30-40,No,Travel_Rarely,1202,Research & Development,2,1,Medical,1,1375,2,Female,89,4,2,Healthcare Representative,3,Divorced,6377,Medium,13888,5,Y,No,20,4,2,80,3,15,0,3,12,10+,11,11,8
EMP0980,34,30-40,No,Travel_Rarely,285,Research & Development,29,3,Medical,1,1377,2,Male,86,3,2,Laboratory Technician,3,Married,5429,Medium,17491,4,Y,No,13,3,1,80,2,10,1,3,8,5-10,7,7,7
EMP0981,31,30-40,Yes,Travel_Frequently,703,Sales,2,3,Life Sciences,1,1379,3,Female,90,2,1,Sales Representative,4,Single,2785,Low,11882,7,Y,No,14,3,3,80,0,3,3,4,1,<2,0,0,0
EMP0982,35,30-40,Yes,Travel_Frequently,662,Sales,18,4,Marketing,1,1380,4,Female,67,3,2,Sales Executive,3,Married,4614,Medium,23288,0,Y,Yes,18,3,3,80,1,5,0,2,4,2-5,2,3,2
EMP0983,38,30-40,No,Travel_Frequently,693,Research & Development,7,3,Life Sciences,1,1382,4,Male,57,4,1,Research Scientist,3,Divorced,2610,Low,15748,1,Y,No,11,3,4,80,3,4,2,3,4,2-5,2,0,3
EMP0984,34,30-40,No,Travel_Rarely,404,Research & Development,2,4,Technical Degree,1,1383,3,Female,98,3,2,Healthcare Representative,4,Single,6687,Medium,6163,1,Y,No,11,3,4,80,0,14,2,4,14,10+,11,4,11
EMP0985,28,Under 30,No,Travel_Rarely,736,Sales,26,3,Life Sciences,1,1387,3,Male,48,2,2,Sales Executive,1,Married,4724,Medium,24232,1,Y,No,11,3,3,80,1,5,0,3,5,2-5,3,0,4
EMP0986,31,30-40,Yes,Travel_Rarely,330,Research & Development,22,4,Medical,1,1389,4,Male,98,3,2,Manufacturing Director,3,Married,6179,Medium,21057,1,Y,Yes,15,3,4,80,2,10,3,2,10,5-10,2,6,7
EMP0987,39,30-40,No,Travel_Rarely,1498,Sales,21,4,Life Sciences,1,1390,1,Male,44,2,2,Sales Executive,4,Married,6120,Medium,3567,3,Y,Yes,12,3,4,80,2,8,2,4,5,2-5,4,1,4
EMP0988,51,40+,No,Travel_Frequently,541,Sales,2,3,Marketing,1,1391,2,Male,52,3,3,Sales Executive,2,Married,10596,High,15395,2,Y,No,11,3,2,80,0,14,5,3,4,2-5,2,3,2
EMP0989,41,40+,No,Travel_Frequently,1200,Research & Development,22,3,Life Sciences,1,1392,4,Female,75,3,2,Research Scientist,4,Divorced,5467,Medium,13953,3,Y,Yes,14,3,1,80,2,12,4,2,6,5-10,2,3,3
EMP0990,37,30-40,No,Travel_Rarely,1439,Research & Development,4,1,Life Sciences,1,1394,3,Male,54,3,1,Research Scientist,3,Married,2996,Low,5182,7,Y,Yes,15,3,4,80,0,8,2,3,6,5-10,4,1,3
EMP0991,33,30-40,No,Travel_Frequently,1111,Sales,5,1,Life Sciences,1,1395,2,Male,61,3,2,Sales Executive,4,Married,9998,High,19293,6,Y,No,13,3,1,80,0,8,2,4,5,2-5,4,1,2
EMP0992,32,30-40,No,Travel_Rarely,499,Sales,2,1,Marketing,1,1396,3,Male,36,3,2,Sales Executive,2,Married,4078,Medium,20497,0,Y,Yes,13,3,1,80,3,4,3,2,3,2-5,2,1,2
EMP0993,39,30-40,No,Non-Travel,1485,Research & Development,25,2,Life Sciences,1,1397,3,Male,71,3,3,Healthcare Representative,3,Married,10920,High,3449,3,Y,No,21,4,2,80,1,13,2,3,6,5-10,4,0,5
EMP0994,25,Under 30,No,Travel_Rarely,1372,Sales,18,1,Life Sciences,1,1399,1,Male,93,4,2,Sales Executive,3,Married,6232,Medium,12477,2,Y,No,11,3,2,80,0,6,3,2,3,2-5,2,1,2
EMP0995,52,40+,No,Travel_Frequently,322,Research & Development,28,2,Medical,1,1401,4,Female,59,4,4,Manufacturing Director,3,Married,13247,High,9731,2,Y,Yes,11,3,2,80,1,24,3,2,5,2-5,3,0,2
EMP0996,43,40+,No,Travel_Rarely,930,Research & Development,6,3,Medical,1,1402,1,Female,73,2,2,Research Scientist,3,Single,4081,Medium,20003,1,Y,Yes,14,3,1,80,0,20,3,1,20,10+,7,1,8
EMP0997,27,Under 30,No,Travel_Rarely,205,Sales,10,3,Marketing,1,1403,4,Female,98,2,2,Sales Executive,4,Married,5769,Medium,7100,1,Y,Yes,11,3,4,80,0,6,3,3,6,5-10,2,4,4
EMP0998,27,Under 30,Yes,Travel_Rarely,135,Research & Development,17,4,Life Sciences,1,1405,4,Female,51,3,1,Research Scientist,3,Single,2394,Low,25681,1,Y,Yes,13,3,4,80,0,8,2,3,8,5-10,2,7,7
EMP0999,26,Under 30,No,Travel_Rarely,683,Research & Development,2,1,Medical,1,1407,1,Male,36,2,1,Research Scientist,4,Single,3904,Medium,4050,0,Y,No,12,3,4,80,0,5,2,3,4,2-5,3,1,1
EMP1000,42,40+,No,Travel_Rarely,1147,Human Resources,10,3,Human Resources,1,1408,3,Female,31,3,4,Manager,1,Married,16799,High,16616,0,Y,No,14,3,3,80,1,21,5,3,20,10+,7,0,9
EMP1001,52,40+,No,Travel_Rarely,258,Research & Development,8,4,Other,1,1409,3,Female,54,3,1,Laboratory Technician,1,Married,2950,Low,17363,9,Y,No,13,3,3,80,0,12,2,1,5,2-5,4,0,4
EMP1002,37,30-40,No,Travel_Rarely,1462,Research & Development,11,3,Medical,1,1411,1,Female,94,3,1,Laboratory Technician,3,Single,3629,Medium,19106,4,Y,No,18,3,1,80,0,8,6,3,3,2-5,2,0,2
EMP1003,35,30-40,No,Travel_Frequently,200,Research & Development,18,2,Life Sciences,1,1412,3,Male,60,3,3,Manufacturing Director,4,Single,9362,High,19944,2,Y,No,11,3,3,80,0,10,2,3,2,2-5,2,2,2
EMP1004,25,Under 30,No,Travel_Rarely,949,Research & Development,1,3,Technical Degree,1,1415,1,Male,81,3,1,Laboratory Technician,4,Married,3229,Medium,4910,4,Y,No,11,3,2,80,1,7,2,2,3,2-5,2,0,2
EMP1005,26,Under 30,No,Travel_Rarely,652,Research & Development,7,3,Other,1,1417,3,Male,100,4,1,Laboratory Technician,1,Single,3578,Medium,23577,0,Y,No,12,3,4,80,0,8,2,3,7,5-10,7,0,7
EMP1006,29,Under 30,No,Travel_Rarely,332,Human Resources,17,3,Other,1,1419,2,Male,51,2,3,Human Resources,1,Single,7988,High,9769,1,Y,No,13,3,1,80,0,10,3,2,10,5-10,9,0,9
EMP1007,49,40+,Yes,Travel_Frequently,1475,Research & Development,28,2,Life Sciences,1,1420,1,Male,97,2,2,Laboratory Technician,1,Single,4284,Medium,22710,3,Y,No,20,4,1,80,0,20,2,3,4,2-5,3,1,3
EMP1008,29,Under 30,Yes,Travel_Frequently,337,Research & Development,14,1,Other,1,1421,3,Female,84,3,3,Healthcare Representative,4,Single,7553,High,22930,0,Y,Yes,12,3,1,80,0,9,1,3,8,5-10,7,7,7
EMP1009,54,40+,No,Travel_Rarely,971,Research & Development,1,3,Medical,1,1422,4,Female,54,3,4,Research Director,4,Single,17328,High,5652,6,Y,No,19,3,4,80,0,29,3,2,20,10+,7,12,7
EMP1010,58,40+,No,Travel_Rarely,1055,Research & Development,1,3,Medical,1,1423,4,Female,76,3,5,Research Director,1,Married,19701,High,22456,3,Y,Yes,21,4,3,80,1,32,3,3,9,5-10,8,1,5
EMP1011,55,40+,No,Travel_Rarely,1136,Research & Development,1,4,Medical,1,1424,2,Male,81,4,4,Research Director,4,Divorced,14732,High,12414,2,Y,No,13,3,4,80,2,31,4,4,7,5-10,7,0,0
EMP1012,36,30-40,No,Travel_Rarely,1174,Sales,3,4,Marketing,1,1425,1,Female,99,3,2,Sales Executive,2,Single,9278,High,20763,3,Y,Yes,16,3,4,80,0,15,3,3,5,2-5,4,0,1
EMP1013,31,30-40,Yes,Travel_Frequently,667,Sales,1,4,Life Sciences,1,1427,2,Female,50,1,1,Sales Representative,3,Single,1359,Low,16154,1,Y,No,12,3,2,80,0,1,3,3,1,<2,0,0,0
EMP1014,30,30-40,No,Travel_Rarely,855,Sales,7,4,Marketing,1,1428,4,Female,73,3,2,Sales Executive,1,Divorced,4779,Medium,12761,7,Y,No,14,3,2,80,2,8,3,3,3,2-5,2,0,2
EMP1015,31,30-40,No,Travel_Rarely,182,Research & Development,8,5,Life Sciences,1,1430,1,Female,93,3,4,Research Director,2,Single,16422,High,8847,3,Y,No,11,3,3,80,0,9,3,4,3,2-5,2,1,0
EMP1016,34,30-40,No,Travel_Frequently,560,Research & Development,1,4,Other,1,1431,4,Male,91,3,1,Research Scientist,1,Divorced,2996,Low,20284,5,Y,No,14,3,3,80,2,10,2,3,4,2-5,3,1,3
EMP1017,31,30-40,Yes,Travel_Rarely,202,Research & Development,8,3,Life Sciences,1,1433,1,Female,34,2,1,Research Scientist,2,Single,1261,Low,22262,1,Y,No,12,3,3,80,0,1,3,4,1,<2,0,0,0
EMP1018,27,Under 30,No,Travel_Rarely,1377,Research & Development,11,1,Life Sciences,1,1434,2,Male,91,3,1,Laboratory Technician,1,Married,2099,Low,7679,0,Y,No,14,3,2,80,0,6,3,4,5,2-5,0,1,4
EMP1019,36,30-40,No,Travel_Rarely,172,Research & Development,4,4,Life Sciences,1,1435,1,Male,37,2,2,Laboratory Technician,4,Single,5810,Medium,22604,1,Y,No,16,3,3,80,0,10,2,2,10,5-10,4,1,8
EMP1020,36,30-40,No,Travel_Rarely,329,Sales,16,4,Marketing,1,1436,3,Female,98,2,2,Sales Executive,1,Married,5647,Medium,13494,4,Y,No,13,3,1,80,2,11,3,2,3,2-5,2,0,2
EMP1021,47,40+,No,Travel_Rarely,465,Research & Development,1,3,Technical Degree,1,1438,1,Male,74,3,1,Research Scientist,4,Married,3420,Medium,10205,7,Y,No,12,3,3,80,1,17,2,2,6,5-10,5,1,2
EMP1022,25,Under 30,Yes,Travel_Rarely,383,Sales,9,2,Life Sciences,1,1439,1,Male,68,2,1,Sales Representative,1,Married,4400,Medium,15182,3,Y,No,12,3,1,80,0,6,2,3,3,2-5,2,2,2
EMP1023,37,30-40,No,Non-Travel,1413,Research & Development,5,2,Technical Degree,1,1440,3,Male,84,4,1,Laboratory Technician,3,Single,3500,Medium,25470,0,Y,No,14,3,1,80,0,7,2,1,6,5-10,5,1,3
EMP1024,56,40+,No,Travel_Rarely,1255,Research & Development,1,2,Life Sciences,1,1441,1,Female,90,3,1,Research Scientist,1,Married,2066,Low,10494,2,Y,No,22,4,4,80,1,5,3,4,3,2-5,2,1,0
EMP1025,47,40+,No,Travel_Rarely,359,Research & Development,2,4,Medical,1,1443,1,Female,82,3,4,Research Director,3,Married,17169,High,26703,3,Y,No,19,3,2,80,2,26,2,4,20,10+,17,5,6
EMP1026,24,Under 30,No,Travel_Rarely,1476,Sales,4,1,Medical,1,1445,4,Female,42,3,2,Sales Executive,3,Married,4162,Medium,15211,1,Y,Yes,12,3,3,80,2,5,3,3,5,2-5,4,0,3
EMP1027,32,30-40,No,Travel_Rarely,601,Sales,7,5,Marketing,1,1446,4,Male,97,3,2,Sales Executive,4,Married,9204,High,23343,4,Y,No,12,3,3,80,1,7,3,2,4,2-5,3,0,3
EMP1028,34,30-40,No,Travel_Rarely,401,Research & Development,1,3,Life Sciences,1,1447,4,Female,86,2,1,Laboratory Technician,2,Married,3294,Medium,3708,5,Y,No,17,3,1,80,1,7,2,2,5,2-5,4,0,2
EMP1029,41,40+,No,Travel_Rarely,1283,Research & Development,5,5,Medical,1,1448,2,Male,90,4,1,Research Scientist,3,Married,2127,Low,5561,2,Y,Yes,12,3,1,80,0,7,5,2,4,2-5,2,0,3
EMP1030,40,30-40,No,Non-Travel,663,Research & Development,9,4,Other,1,1449,3,Male,81,3,2,Laboratory Technician,3,Divorced,3975,Medium,23099,3,Y,No,11,3,3,80,2,11,2,4,8,5-10,7,0,7
EMP1031,31,30-40,No,Travel_Rarely,326,Sales,8,2,Life Sciences,1,1453,1,Male,31,3,3,Sales Executive,4,Divorced,10793,High,8386,1,Y,No,18,3,1,80,1,13,5,3,13,10+,7,9,9
EMP1032,46,40+,Yes,Travel_Rarely,377,Sales,9,3,Marketing,1,1457,1,Male,52,3,3,Sales Executive,4,Divorced,10096,High,15986,4,Y,No,11,3,1,80,1,28,1,4,7,5-10,7,4,3
EMP1033,39,30-40,Yes,Non-Travel,592,Research & Development,2,3,Life Sciences,1,1458,1,Female,54,2,1,Laboratory Technician,1,Single,3646,Medium,17181,2,Y,Yes,23,4,2,80,0,11,2,4,1,<2,0,0,0
EMP1034,31,30-40,Yes,Travel_Frequently,1445,Research & Development,1,5,Life Sciences,1,1459,3,Female,100,4,3,Manufacturing Director,2,Single,7446,High,8931,1,Y,No,11,3,1,80,0,10,2,3,10,5-10,8,4,7
EMP1035,45,40+,No,Travel_Rarely,1038,Research & Development,20,3,Medical,1,1460,2,Male,95,1,3,Healthcare Representative,1,Divorced,10851,High,19863,2,Y,Yes,18,3,2,80,1,24,2,3,7,5-10,7,0,7
EMP1036,31,30-40,No,Travel_Rarely,1398,Human Resources,8,2,Medical,1,1461,4,Female,96,4,1,Human Resources,2,Single,2109,Low,24609,9,Y,No,18,3,4,80,0,8,3,3,3,2-5,2,0,2
EMP1037,31,30-40,Yes,Travel_Frequently,523,Research & Development,2,3,Life Sciences,1,1464,2,Male,94,3,1,Laboratory Technician,4,Married,3722,Medium,21081,6,Y,Yes,13,3,3,80,1,7,2,1,2,2-5,2,2,2
EMP1038,45,40+,No,Travel_Rarely,1448,Research & Development,29,3,Technical Degree,1,1465,2,Male,55,3,3,Manufacturing Director,4,Married,9380,High,14720,4,Y,Yes,18,3,4,80,2,10,4,4,3,2-5,1,1,2
EMP1039,48,40+,No,Travel_Rarely,1221,Sales,7,3,Marketing,1,1466,3,Male,96,3,2,Sales Executive,1,Divorced,5486,Medium,24795,4,Y,No,11,3,1,80,3,15,3,3,2,2-5,2,2,2
EMP1040,34,30-40,Yes,Travel_Rarely,1107,Human Resources,9,4,Technical Degree,1,1467,1,Female,52,3,1,Human Resources,3,Married,2742,Low,3072,1,Y,No,15,3,4,80,0,2,0,3,2,2-5,2,2,2
EMP1041,40,30-40,No,Non-Travel,218,Research & Development,8,1,Medical,1,1468,4,Male,55,2,3,Research Director,2,Divorced,13757,High,25178,2,Y,No,11,3,3,80,1,16,5,3,9,5-10,8,4,8
EMP1042,28,Under 30,No,Travel_Rarely,866,Sales,5,3,Medical,1,1469,4,Male,84,3,2,Sales Executive,1,Single,8463,High,23490,0,Y,No,18,3,4,80,0,6,4,3,5,2-5,4,1,3
EMP1043,44,40+,No,Non-Travel,981,Research & Development,5,3,Life Sciences,1,1471,3,Male,90,2,1,Laboratory Technician,3,Single,3162,Medium,7973,3,Y,No,14,3,4,80,0,7,5,3,5,2-5,2,0,3
EMP1044,53,40+,No,Travel_Rarely,447,Research & Development,2,3,Medical,1,1472,4,Male,39,4,4,Research Director,2,Single,16598,High,19764,4,Y,No,12,3,2,80,0,35,2,2,9,5-10,8,8,8
EMP1045,49,40+,No,Travel_Rarely,1495,Research & Development,5,4,Technical Degree,1,1473,1,Male,96,3,2,Healthcare Representative,3,Married,6651,Medium,21534,2,Y,No,14,3,2,80,1,20,0,2,3,2-5,2,1,2
EMP1046,40,30-40,No,Travel_Rarely,896,Research & Development,2,3,Medical,1,1474,3,Male,68,3,1,Research Scientist,3,Divorced,2345,Low,8045,2,Y,No,14,3,3,80,1,8,3,4,3,2-5,1,1,2
EMP1047,44,40+,No,Travel_Rarely,1467,Research & Development,20,3,Life Sciences,1,1475,4,Male,49,3,1,Research Scientist,2,Single,3420,Medium,21158,1,Y,No,13,3,3,80,0,6,3,2,5,2-5,2,1,3
EMP1048,33,30-40,No,Travel_Frequently,430,Sales,7,3,Medical,1,1477,4,Male,54,3,2,Sales Executive,1,Married,4373,Medium,17456,0,Y,No,14,3,1,80,2,5,2,3,4,2-5,3,0,3
EMP1049,34,30-40,No,Travel_Rarely,1326,Sales,3,3,Other,1,1478,4,Male,81,1,2,Sales Executive,1,Single,4759,Medium,15891,3,Y,No,18,3,4,80,0,15,2,3,13,10+,9,3,12
EMP1050,30,30-40,No,Travel_Rarely,1358,Sales,16,1,Life Sciences,1,1479,4,Male,96,3,2,Sales Executive,3,Married,5301,Medium,2939,8,Y,No,15,3,3,80,2,4,2,2,2,2-5,1,2,2
EMP1051,42,40+,No,Travel_Frequently,748,Research & Development,9,2,Medical,1,1480,1,Female,74,3,1,Laboratory Technician,4,Single,3673,Medium,16458,1,Y,No,13,3,3,80,0,12,3,3,12,10+,9,5,8
EMP1052,44,40+,No,Travel_Frequently,383,Sales,1,5,Marketing,1,1481,1,Female,79,3,2,Sales Executive,3,Married,4768,Medium,9282,7,Y,No,12,3,3,80,1,11,4,2,1,<2,0,0,0
EMP1053,30,30-40,No,Non-Travel,990,Research & Development,7,3,Technical Degree,1,1482,3,Male,64,3,1,Research Scientist,3,Divorced,1274,Low,7152,1,Y,No,13,3,2,80,2,1,2,2,1,<2,0,0,0
EMP1054,57,40+,No,Travel_Rarely,405,Research & Development,1,2,Life Sciences,1,1483,2,Male,93,4,2,Research Scientist,3,Married,4900,Medium,2721,0,Y,No,24,4,1,80,1,13,2,2,12,10+,9,2,8
EMP1055,49,40+,No,Travel_Rarely,1490,Research & Development,7,4,Life Sciences,1,1484,3,Male,35,3,3,Healthcare Representative,2,Divorced,10466,High,20948,3,Y,No,14,3,2,80,2,29,3,3,8,5-10,7,0,7
EMP1056,34,30-40,No,Travel_Frequently,829,Research & Development,15,3,Medical,1,1485,2,Male,71,3,4,Research Director,1,Divorced,17007,High,11929,7,Y,No,14,3,4,80,2,16,3,2,14,10+,8,6,9
EMP1057,28,Under 30,Yes,Travel_Frequently,1496,Sales,1,3,Technical Degree,1,1486,1,Male,92,3,1,Sales Representative,3,Married,2909,Low,15747,3,Y,No,15,3,4,80,1,5,3,4,3,2-5,2,1,2
EMP1058,29,Under 30,Yes,Travel_Frequently,115,Sales,13,3,Technical Degree,1,1487,1,Female,51,3,2,Sales Executive,2,Single,5765,Medium,17485,5,Y,No,11,3,1,80,0,7,4,1,5,2-5,3,0,0
EMP1059,34,30-40,Yes,Travel_Rarely,790,Sales,24,4,Medical,1,1489,1,Female,40,2,2,Sales Executive,2,Single,4599,Medium,7815,0,Y,Yes,23,4,3,80,0,16,2,4,15,10+,9,10,10
EMP1060,35,30-40,No,Travel_Rarely,660,Sales,7,1,Life Sciences,1,1492,4,Male,76,3,1,Sales Representative,3,Married,2404,Low,16192,1,Y,No,13,3,1,80,1,1,3,3,1,<2,0,0,0
EMP1061,24,Under 30,Yes,Travel_Frequently,381,Research & Development,9,3,Medical,1,1494,2,Male,89,3,1,Laboratory Technician,1,Single,3172,Medium,16998,2,Y,Yes,11,3,3,80,0,4,2,2,0,<2,0,0,0
EMP1062,24,Under 30,No,Non-Travel,830,Sales,13,2,Life Sciences,1,1495,4,Female,78,3,1,Sales Representative,2,Married,2033,Low,7103,1,Y,No,13,3,3,80,1,1,2,3,1,<2,0,0,0
EMP1063,44,40+,No,Travel_Frequently,1193,Research & Development,2,1,Medical,1,1496,2,Male,86,3,3,Manufacturing Director,3,Single,10209,High,19719,5,Y,Yes,18,3,2,80,0,16,2,2,2,2-5,2,2,2
EMP1064,29,Under 30,No,Travel_Rarely,1246,Sales,19,3,Life Sciences,1,1497,3,Male,77,2,2,Sales Executive,3,Divorced,8620,High,23757,1,Y,No,14,3,3,80,2,10,3,3,10,5-10,7,0,4
EMP1065,30,30-40,No,Travel_Rarely,330,Human Resources,1,3,Life Sciences,1,1499,3,Male,46,3,1,Human Resources,3,Divorced,2064,Low,15428,0,Y,No,21,4,1,80,1,6,3,4,5,2-5,3,1,3
EMP1066,55,40+,No,Travel_Rarely,1229,Research & Development,4,4,Life Sciences,1,1501,4,Male,30,3,2,Healthcare Representative,3,Married,4035,Medium,16143,0,Y,Yes,16,3,2,80,0,4,2,3,3,2-5,2,1,2
EMP1067,33,30-40,No,Travel_Rarely,1099,Research & Development,4,4,Medical,1,1502,1,Female,82,2,1,Laboratory Technician,2,Married,3838,Medium,8192,8,Y,No,11,3,4,80,0,8,5,3,5,2-5,4,0,2
EMP1068,47,40+,No,Travel_Rarely,571,Sales,14,3,Medical,1,1503,3,Female,78,3,2,Sales Executive,3,Married,4591,Medium,24200,3,Y,Yes,17,3,3,80,1,11,4,2,5,2-5,4,1,2
EMP1069,28,Under 30,Yes,Travel_Frequently,289,Research & Development,2,2,Medical,1,1504,3,Male,38,2,1,Laboratory Technician,1,Single,2561,Low,5355,7,Y,No,11,3,3,80,0,8,2,2,0,<2,0,0,0
EMP1070,28,Under 30,No,Travel_Rarely,1423,Research & Development,1,3,Life Sciences,1,1506,1,Male,72,2,1,Research Scientist,3,Divorced,1563,Low,12530,1,Y,No,14,3,4,80,1,1,2,1,1,<2,0,0,0
EMP1071,28,Under 30,No,Travel_Frequently,467,Sales,7,3,Life Sciences,1,1507,3,Male,55,3,2,Sales Executive,1,Single,4898,Medium,11827,0,Y,No,14,3,4,80,0,5,5,3,4,2-5,2,1,3
EMP1072,49,40+,No,Travel_Rarely,271,Research & Development,3,2,Medical,1,1509,3,Female,43,2,2,Laboratory Technician,1,Married,4789,Medium,23070,4,Y,No,25,4,1,80,1,10,3,3,3,2-5,2,1,2
EMP1073,29,Under 30,No,Travel_Frequently,410,Research & Development,2,1,Life Sciences,1,1513,4,Female,97,3,1,Laboratory Technician,2,Married,3180,Medium,4668,0,Y,No,13,3,3,80,3,4,3,3,3,2-5,2,0,2
EMP1074,28,Under 30,No,Travel_Rarely,1083,Research & Development,29,1,Life Sciences,1,1514,3,Male,96,1,2,Manufacturing Director,2,Married,6549,Medium,3173,1,Y,No,14,3,2,80,2,8,2,2,8,5-10,6,1,7
EMP1075,33,30-40,No,Travel_Rarely,516,Research & Development,8,5,Life Sciences,1,1515,4,Male,69,3,2,Healthcare Representative,3,Single,6388,Medium,22049,2,Y,Yes,17,3,1,80,0,14,6,3,0,<2,0,0,0
EMP1076,32,30-40,No,Travel_Rarely,495,Research & Development,10,3,Medical,1,1516,3,Male,64,3,3,Manager,4,Single,11244,High,21072,2,Y,No,25,4,2,80,0,10,5,4,5,2-5,2,0,0
EMP1077,54,40+,No,Travel_Frequently,1050,Research & Development,11,4,Medical,1,1520,2,Female,87,3,4,Manager,4,Divorced,16032,High,24456,3,Y,No,20,4,1,80,1,26,2,3,14,10+,9,1,12
EMP1078,29,Under 30,Yes,Travel_Rarely,224,Research & Development,1,4,Technical Degree,1,1522,1,Male,100,2,1,Research Scientist,1,Single,2362,Low,7568,6,Y,No,13,3,3,80,0,11,2,1,9,5-10,7,0,7
EMP1079,44,40+,No,Travel_Rarely,136,Research & Development,28,3,Life Sciences,1,1523,4,Male,32,3,4,Research Director,1,Married,16328,High,22074,3,Y,No,13,3,3,80,1,24,1,4,20,10+,6,14,17
EMP1080,39,30-40,No,Travel_Rarely,1089,Research & Development,6,3,Life Sciences,1,1525,2,Female,32,3,3,Manufacturing Director,2,Single,8376,High,9150,4,Y,No,18,3,4,80,0,9,3,3,2,2-5,0,2,2
EMP1081,46,40+,No,Travel_Rarely,228,Sales,3,3,Life Sciences,1,1527,3,Female,51,3,4,Manager,2,Married,16606,High,11380,8,Y,No,12,3,4,80,1,23,2,4,13,10+,12,5,1
EMP1082,35,30-40,No,Travel_Rarely,1029,Research & Development,16,3,Life Sciences,1,1529,4,Female,91,2,3,Healthcare Representative,2,Single,8606,High,21195,1,Y,No,19,3,4,80,0,11,3,1,11,10+,8,3,3
EMP1083,23,Under 30,No,Travel_Rarely,507,Research & Development,20,1,Life Sciences,1,1533,1,Male,97,3,2,Laboratory Technician,3,Single,2272,Low,24812,0,Y,No,14,3,2,80,0,5,2,3,4,2-5,3,1,2
EMP1084,40,30-40,Yes,Travel_Rarely,676,Research & Development,9,4,Life Sciences,1,1534,4,Male,86,3,1,Laboratory Technician,1,Single,2018,Low,21831,3,Y,No,14,3,2,80,0,15,3,1,5,2-5,4,1,0
EMP1085,34,30-40,No,Travel_Rarely,971,Sales,1,3,Technical Degree,1,1535,4,Male,64,2,3,Sales Executive,3,Married,7083,High,12288,1,Y,Yes,14,3,4,80,0,10,3,3,10,5-10,9,8,6
EMP1086,31,30-40,Yes,Travel_Frequently,561,Research & Development,3,3,Life Sciences,1,1537,4,Female,33,3,1,Research Scientist,3,Single,4084,Medium,4156,1,Y,No,12,3,1,80,0,7,2,1,7,5-10,2,7,7
EMP1087,50,40+,No,Travel_Frequently,333,Research & Development,22,5,Medical,1,1539,3,Male,88,1,4,Research Director,4,Single,14411,High,24450,1,Y,Yes,13,3,4,80,0,32,2,3,32,10+,6,13,9
EMP1088,34,30-40,No,Travel_Rarely,1440,Sales,7,2,Technical Degree,1,1541,2,Male,55,3,1,Sales Representative,3,Married,2308,Low,4944,0,Y,Yes,25,4,2,80,1,12,4,3,11,10+,10,5,7
EMP1089,42,40+,No,Travel_Rarely,1210,Research & Development,2,3,Medical,1,1542,3,Male,68,2,1,Laboratory Technician,2,Married,4841,Medium,24052,4,Y,No,14,3,2,80,1,4,3,3,1,<2,0,0,0
EMP1090,37,30-40,No,Travel_Rarely,674,Research & Development,13,3,Medical,1,1543,1,Male,47,3,2,Research Scientist,4,Married,4285,Medium,3031,1,Y,No,17,3,1,80,0,10,2,3,10,5-10,8,3,7
EMP1091,29,Under 30,No,Travel_Rarely,441,Research & Development,8,1,Other,1,1544,3,Female,39,1,2,Healthcare Representative,1,Married,9715,High,7288,3,Y,No,13,3,3,80,1,9,3,3,7,5-10,7,0,7
EMP1092,33,30-40,No,Travel_Rarely,575,Research & Development,25,3,Life Sciences,1,1545,4,Male,44,2,2,Manufacturing Director,2,Single,4320,Medium,24152,1,Y,No,13,3,4,80,0,5,2,3,5,2-5,3,0,2
EMP1093,45,40+,No,Travel_Rarely,950,Research & Development,28,3,Technical Degree,1,1546,4,Male,97,3,1,Research Scientist,4,Married,2132,Low,4585,4,Y,No,20,4,4,80,1,8,3,3,5,2-5,4,0,3
EMP1094,42,40+,No,Travel_Frequently,288,Research & Development,2,3,Life Sciences,1,1547,4,Male,40,3,3,Healthcare Representative,4,Married,10124,High,18611,2,Y,Yes,14,3,3,80,1,24,3,1,20,10+,8,13,9
EMP1095,40,30-40,No,Travel_Rarely,1342,Sales,9,2,Medical,1,1548,1,Male,47,3,2,Sales Executive,1,Married,5473,Medium,19345,0,Y,No,12,3,4,80,0,9,5,4,8,5-10,4,7,1
EMP1096,33,30-40,No,Travel_Rarely,589,Research & Development,28,4,Life Sciences,1,1549,2,Male,79,3,2,Laboratory Technician,3,Married,5207,Medium,22949,1,Y,Yes,12,3,2,80,1,15,3,3,15,10+,14,5,7
EMP1097,40,30-40,No,Travel_Rarely,898,Human Resources,6,2,Medical,1,1550,3,Male,38,3,4,Manager,4,Single,16437,High,17381,1,Y,Yes,21,4,4,80,0,21,2,3,21,10+,7,7,7
EMP1098,24,Under 30,No,Travel_Rarely,350,Research & Development,21,2,Technical Degree,1,1551,3,Male,57,2,1,Laboratory Technician,1,Divorced,2296,Low,10036,0,Y,No,14,3,2,80,3,2,3,3,1,<2,1,0,0
EMP1099,40,30-40,No,Non-Travel,1142,Research & Development,8,2,Life Sciences,1,1552,4,Male,72,3,2,Healthcare Representative,4,Divorced,4069,Medium,8841,3,Y,Yes,18,3,3,80,0,8,2,3,2,2-5,2,2,2
EMP1100,45,40+,No,Travel_Rarely,538,Research & Development,1,4,Technical Degree,1,1553,1,Male,66,3,3,Healthcare Representative,2,Divorced,7441,High,20933,1,Y,No,12,3,1,80,3,10,4,3,10,5-10,8,7,7
EMP1101,35,30-40,No,Travel_Rarely,1402,Sales,28,4,Life Sciences,1,1554,2,Female,98,2,1,Sales Representative,3,Married,2430,Low,26204,0,Y,No,23,4,1,80,2,6,5,3,5,2-5,3,4,2
EMP1102,32,30-40,No,Travel_Rarely,824,Research & Development,5,2,Life Sciences,1,1555,4,Female,67,2,2,Research Scientist,2,Married,5878,Medium,15624,3,Y,No,12,3,1,80,1,12,2,3,7,5-10,1,2,5
EMP1103,36,30-40,No,Travel_Rarely,1157,Sales,2,4,Life Sciences,1,1556,3,Male,70,3,1,Sales Representative,4,Single,2644,Low,17001,3,Y,Yes,21,4,4,80,0,7,3,2,3,2-5,2,1,2
EMP1104,48,40+,No,Travel_Rarely,492,Sales,16,4,Life Sciences,1,1557,3,Female,96,3,2,Sales Executive,3,Divorced,6439,Medium,13693,8,Y,No,14,3,3,80,1,18,2,3,8,5-10,7,7,7
EMP1105,29,Under 30,No,Travel_Rarely,598,Research & Development,9,3,Life Sciences,1,1558,3,Male,91,4,1,Research Scientist,3,Married,2451,Low,22376,6,Y,No,18,3,1,80,2,5,2,2,1,<2,0,0,0
EMP1106,33,30-40,No,Travel_Rarely,1242,Sales,8,4,Life Sciences,1,1560,1,Male,46,3,2,Sales Executive,1,Married,6392,Medium,10589,2,Y,No,13,3,4,80,1,8,6,1,2,2-5,2,2,2
EMP1107,30,30-40,Yes,Travel_Rarely,740,Sales,1,3,Life Sciences,1,1562,2,Male,64,2,2,Sales Executive,1,Married,9714,High,5323,1,Y,No,11,3,4,80,1,10,4,3,10,5-10,8,6,7
EMP1108,38,30-40,No,Travel_Frequently,888,Human Resources,10,4,Human Resources,1,1563,3,Male,71,3,2,Human Resources,3,Married,6077,Medium,14814,3,Y,No,11,3,3,80,0,10,2,3,6,5-10,3,1,2
EMP1109,35,30-40,No,Travel_Rarely,992,Research & Development,1,3,Medical,1,1564,4,Male,68,2,1,Laboratory Technician,1,Single,2450,Low,21731,1,Y,No,19,3,2,80,0,3,3,3,3,2-5,0,1,2
EMP1110,30,30-40,No,Travel_Rarely,1288,Sales,29,4,Technical Degree,1,1568,3,Male,33,3,3,Sales Executive,2,Married,9250,High,17799,3,Y,No,12,3,2,80,1,9,3,3,4,2-5,2,1,3
EMP1111,35,30-40,Yes,Travel_Rarely,104,Research & Development,2,3,Life Sciences,1,1569,1,Female,69,3,1,Laboratory Technician,1,Divorced,2074,Low,26619,1,Y,Yes,12,3,4,80,1,1,2,3,1,<2,0,0,0
EMP1112,53,40+,Yes,Travel_Rarely,607,Research & Development,2,5,Technical Degree,1,1572,3,Female,78,2,3,Manufacturing Director,4,Married,10169,High,14618,0,Y,No,16,3,2,80,1,34,4,3,33,10+,7,1,9
EMP1113,38,30-40,Yes,Travel_Rarely,903,Research & Development,2,3,Medical,1,1573,3,Male,81,3,2,Manufacturing Director,2,Married,4855,Medium,7653,4,Y,No,11,3,1,80,2,7,2,3,5,2-5,2,1,4
EMP1114,32,30-40,No,Non-Travel,1200,Research & Development,1,4,Technical Degree,1,1574,4,Male,62,3,2,Research Scientist,1,Married,4087,Medium,25174,4,Y,No,14,3,2,80,1,9,3,2,6,5-10,5,1,2
EMP1115,48,40+,No,Travel_Rarely,1108,Research & Development,15,4,Other,1,1576,3,Female,65,3,1,Research Scientist,1,Married,2367,Low,16530,8,Y,No,12,3,4,80,1,10,3,2,8,5-10,2,7,6
EMP1116,34,30-40,No,Travel_Rarely,479,Research & Development,7,4,Medical,1,1577,1,Male,35,3,1,Research Scientist,4,Single,2972,Low,22061,1,Y,No,13,3,3,80,0,1,4,1,1,<2,0,0,0
EMP1117,55,40+,No,Travel_Rarely,685,Sales,26,5,Marketing,1,1578,3,Male,60,2,5,Manager,4,Married,19586,High,23037,1,Y,No,21,4,3,80,1,36,3,3,36,10+,6,2,13
EMP1118,34,30-40,No,Travel_Rarely,1351,Research & Development,1,4,Life Sciences,1,1580,2,Male,45,3,2,Research Scientist,4,Married,5484,Medium,13008,9,Y,No,17,3,2,80,1,9,3,2,2,2-5,2,2,1
EMP1119,26,Under 30,No,Travel_Rarely,474,Research & Development,3,3,Life Sciences,1,1581,1,Female,89,3,1,Research Scientist,4,Married,2061,Low,11133,1,Y,No,21,4,1,80,0,1,5,3,1,<2,0,0,0
EMP1120,38,30-40,No,Travel_Rarely,1245,Sales,14,3,Life Sciences,1,1582,3,Male,80,3,2,Sales Executive,2,Married,9924,High,12355,0,Y,No,11,3,4,80,1,10,3,3,9,5-10,8,7,7
EMP1121,38,30-40,No,Travel_Rarely,437,Sales,16,3,Life Sciences,1,1583,2,Female,90,3,2,Sales Executive,2,Single,4198,Medium,16379,2,Y,No,12,3,2,80,0,8,5,4,3,2-5,2,1,2
EMP1122,36,30-40,No,Travel_Rarely,884,Sales,1,4,Life Sciences,1,1585,2,Female,73,3,2,Sales Executive,3,Single,6815,Medium,21447,6,Y,No,13,3,1,80,0,15,5,3,1,<2,0,0,0
EMP1123,29,Under 30,No,Travel_Rarely,1370,Research & Development,3,1,Medical,1,1586,2,Male,87,3,1,Laboratory Technician,1,Single,4723,Medium,16213,1,Y,Yes,18,3,4,80,0,10,3,3,10,5-10,9,1,5
EMP1124,35,30-40,No,Travel_Rarely,670,Research & Development,10,4,Medical,1,1587,1,Female,51,3,2,Healthcare Representative,3,Single,6142,Medium,4223,3,Y,Yes,16,3,3,80,0,10,4,3,5,2-5,2,0,4
EMP1125,39,30-40,No,Travel_Rarely,1462,Sales,6,3,Medical,1,1588,4,Male,38,4,3,Sales Executive,3,Married,8237,High,4658,2,Y,No,11,3,1,80,1,11,3,3,7,5-10,6,7,6
EMP1126,29,Under 30,No,Travel_Frequently,995,Research & Development,2,1,Life Sciences,1,1590,1,Male,87,3,2,Healthcare Representative,4,Divorced,8853,High,24483,1,Y,No,19,3,4,80,1,6,0,4,6,5-10,4,1,3
EMP1127,50,40+,No,Travel_Rarely,264,Sales,9,3,Marketing,1,1591,3,Male,59,3,5,Manager,3,Married,19331,High,19519,4,Y,Yes,16,3,3,80,1,27,2,3,1,<2,0,0,0
EMP1128,23,Under 30,No,Travel_Rarely,977,Research & Development,10,3,Technical Degree,1,1592,4,Male,45,4,1,Research Scientist,3,Married,2073,Low,12826,2,Y,No,16,3,4,80,1,4,2,3,2,2-5,2,2,2
EMP1129,36,30-40,No,Travel_Frequently,1302,Research & Development,6,4,Life Sciences,1,1594,1,Male,80,4,2,Laboratory Technician,1,Married,5562,Medium,19711,3,Y,Yes,13,3,4,80,1,9,3,3,3,2-5,2,0,2
EMP1130,42,40+,No,Travel_Rarely,1059,Research & Development,9,2,Other,1,1595,4,Male,93,2,5,Manager,4,Single,19613,High,26362,8,Y,No,22,4,4,80,0,24,2,3,1,<2,0,0,1
EMP1131,35,30-40,No,Travel_Rarely,750,Research & Development,28,3,Life Sciences,1,1596,2,Male,46,4,2,Laboratory Technician,3,Married,3407,Medium,25348,1,Y,No,17,3,4,80,2,10,3,2,10,5-10,9,6,8
EMP1132,34,30-40,No,Travel_Frequently,653,Research & Development,10,4,Technical Degree,1,1597,4,Male,92,2,2,Healthcare Representative,3,Married,5063,Medium,15332,1,Y,No,14,3,2,80,1,8,3,2,8,5-10,2,7,7
EMP1133,40,30-40,No,Travel_Rarely,118,Sales,14,2,Life Sciences,1,1598,4,Female,84,3,2,Sales Executive,1,Married,4639,Medium,11262,1,Y,No,15,3,3,80,1,5,2,3,5,2-5,4,1,2
EMP1134,43,40+,No,Travel_Rarely,990,Research & Development,27,3,Technical Degree,1,1599,4,Male,87,4,1,Laboratory Technician,2,Divorced,4876,Medium,5855,5,Y,No,12,3,3,80,1,8,0,3,6,5-10,4,0,2
EMP1135,35,30-40,No,Travel_Rarely,1349,Research & Development,7,2,Life Sciences,1,1601,3,Male,63,2,1,Laboratory Technician,4,Married,2690,Low,7713,1,Y,No,18,3,4,80,1,1,5,2,1,<2,0,0,1
EMP1136,46,40+,No,Travel_Rarely,563,Sales,1,4,Life Sciences,1,1602,4,Male,56,4,4,Manager,1,Single,17567,High,3156,1,Y,No,15,3,2,80,0,27,5,1,26,10+,0,0,12
EMP1137,28,Under 30,Yes,Travel_Rarely,329,Research & Development,24,3,Medical,1,1604,3,Male,51,3,1,Laboratory Technician,2,Married,2408,Low,7324,1,Y,Yes,17,3,3,80,3,1,3,3,1,<2,1,0,0
EMP1138,22,Under 30,No,Non-Travel,457,Research & Development,26,2,Other,1,1605,2,Female,85,2,1,Research Scientist,3,Married,2814,Low,10293,1,Y,Yes,14,3,2,80,0,4,2,2,4,2-5,2,1,3
EMP1139,50,40+,No,Travel_Frequently,1234,Research & Development,20,5,Medical,1,1606,2,Male,41,3,4,Healthcare Representative,3,Married,11245,High,20689,2,Y,Yes,15,3,3,80,1,32,3,3,30,10+,8,12,13
EMP1140,32,30-40,No,Travel_Rarely,634,Research & Development,5,4,Other,1,1607,2,Female,35,4,1,Research Scientist,4,Married,3312,Medium,18783,3,Y,No,17,3,4,80,2,6,3,3,3,2-5,2,0,2
EMP1141,44,40+,No,Travel_Rarely,1313,Research & Development,7,3,Medical,1,1608,2,Female,31,3,5,Research Director,4,Divorced,19049,High,3549,0,Y,Yes,14,3,4,80,1,23,4,2,22,10+,7,1,10
EMP1142,30,30-40,No,Travel_Rarely,241,Research & Development,7,3,Medical,1,1609,2,Male,48,2,1,Research Scientist,2,Married,2141,Low,5348,1,Y,No,12,3,2,80,1,6,3,2,6,5-10,4,1,1
EMP1143,45,40+,No,Travel_Rarely,1015,Research & Development,5,5,Medical,1,1611,3,Female,50,1,2,Laboratory Technician,1,Single,5769,Medium,23447,1,Y,Yes,14,3,1,80,0,10,3,3,10,5-10,7,1,4
EMP1144,45,40+,No,Non-Travel,336,Sales,26,3,Marketing,1,1612,1,Male,52,2,2,Sales Executive,1,Married,4385,Medium,24162,1,Y,No,15,3,1,80,1,10,2,3,10,5-10,7,4,5
EMP1145,31,30-40,No,Travel_Frequently,715,Sales,2,4,Other,1,1613,4,Male,54,3,2,Sales Executive,1,Single,5332,Medium,21602,7,Y,No,13,3,4,80,0,10,3,3,5,2-5,2,0,3
EMP1146,36,30-40,No,Travel_Rarely,559,Research & Development,12,4,Life Sciences,1,1614,3,Female,76,3,2,Manufacturing Director,3,Married,4663,Medium,12421,9,Y,Yes,12,3,2,80,2,7,2,3,3,2-5,2,1,1
EMP1147,34,30-40,No,Travel_Frequently,426,Research & Development,10,4,Life Sciences,1,1615,3,Male,42,4,2,Manufacturing Director,4,Divorced,4724,Medium,17000,1,Y,No,13,3,1,80,1,9,3,3,9,5-10,7,7,2
EMP1148,49,40+,No,Travel_Rarely,722,Research & Development,25,4,Life Sciences,1,1617,3,Female,84,3,1,Laboratory Technician,1,Married,3211,Medium,22102,1,Y,No,14,3,4,80,1,10,3,2,9,5-10,6,1,4
EMP1149,39,30-40,No,Travel_Rarely,1387,Research & Development,10,5,Medical,1,1618,2,Male,76,3,2,Manufacturing Director,1,Married,5377,Medium,3835,2,Y,No,13,3,4,80,3,10,3,3,7,5-10,7,7,7
EMP1150,27,Under 30,No,Travel_Rarely,1302,Research & Development,19,3,Other,1,1619,4,Male,67,2,1,Laboratory Technician,1,Divorced,4066,Medium,16290,1,Y,No,11,3,1,80,2,7,3,3,7,5-10,7,0,7
EMP1151,35,30-40,No,Travel_Rarely,819,Research & Development,18,5,Life Sciences,1,1621,2,Male,48,4,2,Research Scientist,1,Married,5208,Medium,26312,1,Y,No,11,3,4,80,0,16,2,3,16,10+,15,1,10
EMP1152,28,Under 30,No,Travel_Rarely,580,Research & Development,27,3,Medical,1,1622,2,Female,39,1,2,Manufacturing Director,1,Divorced,4877,Medium,20460,0,Y,No,21,4,2,80,1,6,5,2,5,2-5,3,0,0
EMP1153,21,Under 30,No,Travel_Rarely,546,Research & Development,5,1,Medical,1,1623,3,Male,97,3,1,Research Scientist,4,Single,3117,Medium,26009,1,Y,No,18,3,3,80,0,3,2,3,2,2-5,2,2,2
EMP1154,18,Under 30,Yes,Travel_Frequently,544,Sales,3,2,Medical,1,1624,2,Female,70,3,1,Sales Representative,4,Single,1569,Low,18420,1,Y,Yes,12,3,3,80,0,0,2,4,0,<2,0,0,0
EMP1155,47,40+,No,Travel_Rarely,1176,Human Resources,26,4,Life Sciences,1,1625,4,Female,98,3,5,Manager,3,Married,19658,High,5220,3,Y,No,11,3,3,80,1,27,2,3,5,2-5,2,1,0
EMP1156,39,30-40,No,Travel_Rarely,170,Research & Development,3,2,Medical,1,1627,3,Male,76,2,2,Laboratory Technician,3,Divorced,3069,Medium,10302,0,Y,No,15,3,4,80,1,11,3,3,10,5-10,8,0,7
EMP1157,40,30-40,No,Travel_Rarely,884,Research & Development,15,3,Life Sciences,1,1628,1,Female,80,2,3,Manufacturing Director,3,Married,10435,High,25800,1,Y,No,13,3,4,80,2,18,2,3,18,10+,15,14,12
EMP1158,35,30-40,No,Non-Travel,208,Research & Development,8,4,Life Sciences,1,1630,3,Female,52,3,2,Healthcare Representative,3,Married,4148,Medium,12250,1,Y,No,12,3,4,80,1,15,5,3,14,10+,11,2,9
EMP1159,37,30-40,No,Travel_Rarely,671,Research & Development,19,3,Life Sciences,1,1631,3,Male,85,3,2,Manufacturing Director,3,Married,5768,Medium,26493,3,Y,No,17,3,1,80,3,9,2,2,4,2-5,3,0,2
EMP1160,39,30-40,No,Travel_Frequently,711,Research & Development,4,3,Medical,1,1633,1,Female,81,3,2,Manufacturing Director,3,Single,5042,Medium,3140,0,Y,No,13,3,4,80,0,10,2,1,9,5-10,2,3,8
EMP1161,45,40+,No,Travel_Rarely,1329,Research & Development,2,2,Other,1,1635,4,Female,59,2,2,Manufacturing Director,4,Divorced,5770,Medium,5388,1,Y,No,19,3,1,80,2,10,3,3,10,5-10,7,3,9
EMP1162,38,30-40,No,Travel_Rarely,397,Research & Development,2,2,Medical,1,1638,4,Female,54,2,3,Manufacturing Director,3,Married,7756,High,14199,3,Y,Yes,19,3,4,80,1,10,6,4,5,2-5,4,0,2
EMP1163,35,30-40,Yes,Travel_Rarely,737,Sales,10,3,Medical,1,1639,4,Male,55,2,3,Sales Executive,1,Married,10306,High,21530,9,Y,No,17,3,3,80,0,15,3,3,13,10+,12,6,0
EMP1164,37,30-40,No,Travel_Rarely,1470,Research & Development,10,3,Medical,1,1640,2,Female,71,3,1,Research Scientist,2,Married,3936,Medium,9953,1,Y,No,11,3,1,80,1,8,2,1,8,5-10,4,7,7
EMP1165,40,30-40,No,Travel_Rarely,448,Research & Development,16,3,Life Sciences,1,1641,3,Female,84,3,3,Manufacturing Director,4,Single,7945,High,19948,6,Y,Yes,15,3,4,80,0,18,2,2,4,2-5,2,3,3
EMP1166,44,40+,No,Travel_Frequently,602,Human Resources,1,5,Human Resources,1,1642,1,Male,37,3,2,Human Resources,4,Married,5743,Medium,10503,4,Y,Yes,11,3,3,80,0,14,3,3,10,5-10,7,0,2
EMP1167,48,40+,No,Travel_Frequently,365,Research & Development,4,5,Medical,1,1644,3,Male,89,2,4,Manager,4,Married,15202,High,5602,2,Y,No,25,4,2,80,1,23,3,3,2,2-5,2,2,2
EMP1168,35,30-40,Yes,Travel_Rarely,763,Sales,15,2,Medical,1,1645,1,Male,59,1,2,Sales Executive,4,Divorced,5440,Medium,22098,6,Y,Yes,14,3,4,80,2,7,2,2,2,2-5,2,2,2
EMP1169,24,Under 30,No,Travel_Frequently,567,Research & Development,2,1,Technical Degree,1,1646,1,Female,32,3,1,Research Scientist,4,Single,3760,Medium,17218,1,Y,Yes,13,3,3,80,0,6,2,3,6,5-10,3,1,3
EMP1170,27,Under 30,No,Travel_Rarely,486,Research & Development,8,3,Medical,1,1647,2,Female,86,4,1,Research Scientist,3,Married,3517,Medium,22490,7,Y,No,17,3,1,80,0,5,0,3,3,2-5,2,0,2
EMP1171,27,Under 30,No,Travel_Frequently,591,Research & Development,2,3,Medical,1,1648,4,Male,87,3,1,Research Scientist,4,Single,2580,Low,6297,2,Y,No,13,3,3,80,0,6,0,2,4,2-5,2,1,2
EMP1172,40,30-40,Yes,Travel_Rarely,1329,Research & Development,7,3,Life Sciences,1,1649,1,Male,73,3,1,Laboratory Technician,1,Single,2166,Low,3339,3,Y,Yes,14,3,2,80,0,10,3,1,4,2-5,2,0,3
EMP1173,29,Under 30,No,Travel_Rarely,469,Sales,10,3,Medical,1,1650,3,Male,42,2,2,Sales Executive,3,Single,5869,Medium,23413,9,Y,No,11,3,3,80,0,8,2,3,5,2-5,2,1,4
EMP1174,36,30-40,No,Travel_Rarely,711,Research & Development,5,4,Life Sciences,1,1651,2,Female,42,3,3,Healthcare Representative,1,Married,8008,High,22792,4,Y,No,12,3,3,80,2,9,6,3,3,2-5,2,0,2
EMP1175,25,Under 30,No,Travel_Frequently,772,Research & Development,2,1,Life Sciences,1,1653,4,Male,77,4,2,Manufacturing Director,3,Divorced,5206,Medium,4973,1,Y,No,17,3,3,80,2,7,6,3,7,5-10,7,0,7
EMP1176,39,30-40,No,Travel_Rarely,492,Research & Development,12,3,Medical,1,1654,4,Male,66,3,2,Manufacturing Director,2,Married,5295,Medium,7693,4,Y,No,21,4,3,80,0,7,3,3,5,2-5,4,1,0
EMP1177,49,40+,No,Travel_Rarely,301,Research & Development,22,4,Other,1,1655,1,Female,72,3,4,Research Director,2,Married,16413,High,3498,3,Y,No,16,3,2,80,2,27,2,3,4,2-5,2,1,2
EMP1178,50,40+,No,Travel_Rarely,813,Research & Development,17,5,Life Sciences,1,1656,4,Female,50,2,3,Research Director,1,Divorced,13269,High,21981,5,Y,No,15,3,3,80,3,19,3,3,14,10+,11,1,11
EMP1179,20,Under 30,No,Travel_Rarely,1141,Sales,2,3,Medical,1,1657,3,Female,31,3,1,Sales Representative,3,Single,2783,Low,13251,1,Y,No,19,3,1,80,0,2,3,3,2,2-5,2,2,2
EMP1180,34,30-40,No,Travel_Rarely,1130,Research & Development,3,3,Life Sciences,1,1658,4,Female,66,3,2,Research Scientist,2,Divorced,5433,Medium,19332,1,Y,No,12,3,3,80,1,11,2,3,11,10+,8,7,9
EMP1181,36,30-40,No,Travel_Rarely,311,Research & Development,7,3,Life Sciences,1,1659,1,Male,77,3,1,Laboratory Technician,2,Single,2013,Low,10950,2,Y,No,11,3,3,80,0,15,4,3,4,2-5,3,1,3
EMP1182,49,40+,No,Travel_Rarely,465,Research & Development,6,1,Life Sciences,1,1661,3,Female,41,2,4,Healthcare Representative,3,Married,13966,High,11652,2,Y,Yes,19,3,2,80,1,30,3,3,15,10+,11,2,12
EMP1183,36,30-40,No,Non-Travel,894,Research & Development,1,4,Medical,1,1662,4,Female,33,2,2,Manufacturing Director,3,Married,4374,Medium,15411,0,Y,No,15,3,3,80,0,4,6,3,3,2-5,2,1,2
EMP1184,36,30-40,No,Travel_Rarely,1040,Research & Development,3,2,Life Sciences,1,1664,4,Male,79,4,2,Healthcare Representative,1,Divorced,6842,Medium,26308,6,Y,No,20,4,1,80,1,13,3,3,5,2-5,4,0,4
EMP1185,54,40+,No,Travel_Rarely,584,Research & Development,22,5,Medical,1,1665,2,Female,91,3,4,Manager,3,Married,17426,High,18685,3,Y,No,25,4,3,80,1,36,6,3,10,5-10,8,4,7
EMP1186,43,40+,No,Travel_Rarely,1291,Research & Development,15,2,Life Sciences,1,1666,3,Male,65,2,4,Research Director,3,Married,17603,High,3525,1,Y,No,24,4,1,80,1,14,3,3,14,10+,10,6,11
EMP1187,35,30-40,Yes,Travel_Frequently,880,Sales,12,4,Other,1,1667,4,Male,36,3,2,Sales Executive,4,Single,4581,Medium,10414,3,Y,Yes,24,4,1,80,0,13,2,4,11,10+,9,6,7
EMP1188,38,30-40,No,Travel_Frequently,1189,Research & Development,1,3,Life Sciences,1,1668,4,Male,90,3,2,Research Scientist,4,Married,4735,Medium,9867,7,Y,No,15,3,4,80,2,19,4,4,13,10+,11,2,9
EMP1189,29,Under 30,No,Travel_Rarely,991,Sales,5,3,Medical,1,1669,1,Male,43,2,2,Sales Executive,2,Divorced,4187,Medium,3356,1,Y,Yes,13,3,2,80,1,10,3,2,10,5-10,0,0,9
EMP1190,33,30-40,No,Travel_Rarely,392,Sales,2,4,Medical,1,1670,4,Male,93,3,2,Sales Executive,4,Divorced,5505,Medium,3921,1,Y,No,14,3,3,80,2,6,5,3,6,5-10,2,0,4
EMP1191,32,30-40,No,Travel_Rarely,977,Research & Development,2,3,Medical,1,1671,4,Male,45,3,2,Research Scientist,2,Divorced,5470,Medium,25518,0,Y,No,13,3,3,80,2,10,4,2,9,5-10,5,1,6
EMP1192,31,30-40,No,Travel_Rarely,1112,Sales,5,4,Life Sciences,1,1673,1,Female,67,3,2,Sales Executive,4,Married,5476,Medium,22589,1,Y,No,11,3,1,80,2,10,2,3,10,5-10,0,0,2
EMP1193,49,40+,No,Travel_Rarely,464,Research & Development,16,3,Medical,1,1674,4,Female,74,3,1,Laboratory Technician,1,Divorced,2587,Low,24941,4,Y,Yes,16,3,2,80,1,17,2,2,2,2-5,2,2,2
EMP1194,38,30-40,No,Travel_Frequently,148,Research & Development,2,3,Medical,1,1675,4,Female,42,2,1,Laboratory Technician,2,Single,2440,Low,23826,1,Y,No,22,4,2,80,0,4,3,3,4,2-5,3,3,3
EMP1195,47,40+,No,Travel_Rarely,1225,Sales,2,4,Life Sciences,1,1676,2,Female,47,4,4,Manager,2,Divorced,15972,High,21086,6,Y,No,14,3,3,80,3,29,2,3,3,2-5,2,1,2
EMP1196,49,40+,No,Travel_Rarely,809,Research & Development,1,3,Life Sciences,1,1677,3,Male,36,3,4,Manager,3,Single,15379,High,22384,4,Y,No,14,3,1,80,0,23,2,3,8,5-10,7,0,0
EMP1197,41,40+,No,Travel_Rarely,1206,Sales,23,2,Life Sciences,1,1678,4,Male,80,3,3,Sales Executive,3,Single,7082,High,11591,3,Y,Yes,16,3,4,80,0,21,2,3,2,2-5,0,0,2
EMP1198,20,Under 30,No,Travel_Rarely,727,Sales,9,1,Life Sciences,1,1680,4,Male,54,3,1,Sales Representative,1,Single,2728,Low,21082,1,Y,No,11,3,1,80,0,2,3,3,2,2-5,2,0,2
EMP1199,33,30-40,No,Non-Travel,530,Sales,16,3,Life Sciences,1,1681,3,Female,36,3,2,Sales Executive,4,Divorced,5368,Medium,16130,1,Y,Yes,25,4,3,80,1,7,2,3,6,5-10,5,1,2
EMP1200,36,30-40,No,Travel_Rarely,1351,Research & Development,26,4,Life Sciences,1,1682,1,Male,80,3,2,Healthcare Representative,3,Married,5347,Medium,7419,6,Y,No,14,3,2,80,2,10,2,2,3,2-5,2,0,2
EMP1201,44,40+,No,Travel_Rarely,528,Human Resources,1,3,Life Sciences,1,1683,3,Female,44,3,1,Human Resources,4,Divorced,3195,Medium,4167,4,Y,Yes,18,3,1,80,3,8,2,3,2,2-5,2,2,2
EMP1202,23,Under 30,Yes,Travel_Rarely,1320,Research & Development,8,1,Medical,1,1684,4,Male,93,2,1,Laboratory Technician,3,Single,3989,Medium,20586,1,Y,Yes,11,3,1,80,0,5,2,3,5,2-5,4,1,2
EMP1203,38,30-40,No,Travel_Rarely,1495,Research & Development,4,2,Medical,1,1687,4,Female,87,3,1,Laboratory Technician,3,Married,3306,Medium,26176,7,Y,No,19,3,4,80,1,7,5,2,0,<2,0,0,0
EMP1204,53,40+,No,Travel_Rarely,1395,Research & Development,24,4,Medical,1,1689,2,Male,48,4,3,Healthcare Representative,4,Married,7005,High,3458,3,Y,No,15,3,3,80,0,11,2,3,4,2-5,3,1,2
EMP1205,48,40+,Yes,Travel_Frequently,708,Sales,7,2,Medical,1,1691,4,Female,95,3,1,Sales Representative,3,Married,2655,Low,11740,2,Y,Yes,11,3,3,80,2,19,3,3,9,5-10,7,7,7
EMP1206,32,30-40,Yes,Travel_Rarely,1259,Research & Development,2,4,Life Sciences,1,1692,4,Male,95,3,1,Laboratory Technician,2,Single,1393,Low,24852,1,Y,No,12,3,1,80,0,1,2,3,1,<2,0,0,0
EMP1207,26,Under 30,No,Non-Travel,786,Research & Development,7,3,Medical,1,1693,4,Male,76,3,1,Laboratory Technician,4,Single,2570,Low,11925,1,Y,No,20,4,3,80,0,7,5,3,7,5-10,7,5,7
EMP1208,55,40+,No,Travel_Rarely,1441,Research & Development,22,3,Technical Degree,1,1694,1,Male,94,2,1,Research Scientist,2,Divorced,3537,Medium,23737,5,Y,No,12,3,4,80,1,8,1,3,4,2-5,2,1,2
EMP1209,34,30-40,No,Travel_Rarely,1157,Research & Development,5,2,Medical,1,1696,2,Male,57,2,2,Laboratory Technician,4,Married,3986,Medium,11912,1,Y,No,14,3,3,80,1,15,3,4,15,10+,10,4,13
EMP1210,60,40+,No,Travel_Rarely,370,Research & Development,1,4,Medical,1,1697,3,Male,92,1,3,Healthcare Representative,4,Divorced,10883,High,20467,3,Y,No,20,4,3,80,1,19,2,4,1,<2,0,0,0
EMP1211,33,30-40,No,Travel_Rarely,267,Research & Development,21,3,Medical,1,1698,2,Male,79,4,1,Laboratory Technician,2,Married,2028,Low,13637,1,Y,No,18,3,4,80,3,14,6,3,14,10+,11,2,13
EMP1212,37,30-40,No,Travel_Frequently,1278,Sales,1,4,Medical,1,1700,3,Male,31,1,2,Sales Executive,4,Divorced,9525,High,7677,1,Y,No,14,3,3,80,2,6,2,2,6,5-10,3,1,3
EMP1213,34,30-40,No,Travel_Rarely,678,Research & Development,19,3,Life Sciences,1,1701,2,Female,35,2,1,Research Scientist,4,Married,2929,Low,20338,1,Y,No,12,3,2,80,0,10,3,3,10,5-10,9,8,7
EMP1214,23,Under 30,Yes,Travel_Rarely,427,Sales,7,3,Life Sciences,1,1702,3,Male,99,3,1,Sales Representative,4,Divorced,2275,Low,25103,1,Y,Yes,21,4,2,80,1,3,2,3,3,2-5,2,0,2
EMP1215,44,40+,No,Travel_Rarely,921,Research & Development,2,3,Life Sciences,1,1703,3,Female,96,4,3,Healthcare Representative,4,Married,7879,High,14810,1,Y,Yes,19,3,2,80,1,9,2,3,8,5-10,7,6,7
EMP1216,35,30-40,No,Travel_Frequently,146,Research & Development,2,4,Medical,1,1704,1,Male,79,2,1,Research Scientist,4,Single,4930,Medium,13970,0,Y,Yes,14,3,3,80,0,6,2,4,5,2-5,4,1,4
EMP1217,43,40+,No,Travel_Rarely,1179,Sales,2,3,Medical,1,1706,4,Male,73,3,2,Sales Executive,4,Married,7847,High,6069,1,Y,Yes,17,3,1,80,1,10,3,3,10,5-10,9,8,8
EMP1218,24,Under 30,No,Travel_Rarely,581,Research & Development,9,3,Medical,1,1707,3,Male,62,4,1,Research Scientist,3,Married,4401,Medium,17616,1,Y,No,16,3,4,80,1,5,1,3,5,2-5,3,0,4
EMP1219,41,40+,No,Travel_Rarely,918,Sales,6,3,Marketing,1,1708,4,Male,35,3,3,Sales Executive,3,Single,9241,High,15869,1,Y,No,12,3,2,80,0,10,3,3,10,5-10,8,8,7
EMP1220,29,Under 30,No,Travel_Rarely,1082,Research & Development,9,4,Medical,1,1709,4,Female,43,3,1,Laboratory Technician,3,Married,2974,Low,25412,9,Y,No,17,3,3,80,1,9,2,3,5,2-5,3,1,2
EMP1221,36,30-40,No,Travel_Rarely,530,Sales,2,4,Life Sciences,1,1710,3,Female,51,3,2,Sales Representative,4,Single,4502,Medium,7439,3,Y,No,15,3,3,80,0,17,2,2,13,10+,7,6,7
EMP1222,45,40+,No,Non-Travel,1238,Research & Development,1,1,Life Sciences,1,1712,3,Male,74,2,3,Healthcare Representative,3,Married,10748,High,3395,3,Y,No,23,4,4,80,1,25,3,2,23,10+,15,14,4
EMP1223,24,Under 30,Yes,Travel_Rarely,240,Human Resources,22,1,Human Resources,1,1714,4,Male,58,1,1,Human Resources,3,Married,1555,Low,11585,1,Y,No,11,3,3,80,1,1,2,3,1,<2,0,0,0
EMP1224,47,40+,Yes,Travel_Frequently,1093,Sales,9,3,Life Sciences,1,1716,3,Male,82,1,4,Sales Executive,3,Married,12936,High,24164,7,Y,No,11,3,3,80,0,25,3,1,23,10+,5,14,10
EMP1225,26,Under 30,No,Travel_Rarely,390,Research & Development,17,4,Medical,1,1718,4,Male,62,1,1,Laboratory Technician,3,Married,2305,Low,6217,1,Y,No,15,3,3,80,3,3,3,4,3,2-5,2,0,2
EMP1226,45,40+,No,Travel_Rarely,1005,Research & Development,28,2,Technical Degree,1,1719,4,Female,48,2,4,Research Director,2,Single,16704,High,17119,1,Y,No,11,3,3,80,0,21,2,3,21,10+,6,8,6
EMP1227,32,30-40,No,Travel_Frequently,585,Research & Development,10,3,Life Sciences,1,1720,1,Male,56,3,1,Research Scientist,3,Married,3433,Medium,17360,6,Y,No,13,3,1,80,1,10,3,2,5,2-5,2,1,3
EMP1228,31,30-40,No,Travel_Rarely,741,Research & Development,2,4,Life Sciences,1,1721,2,Male,69,3,1,Laboratory Technician,3,Married,3477,Medium,18103,1,Y,No,14,3,4,80,1,6,2,4,5,2-5,2,0,3
EMP1229,41,40+,No,Non-Travel,552,Human Resources,4,3,Human Resources,1,1722,3,Male,60,1,2,Human Resources,2,Married,6430,Medium,20794,6,Y,No,19,3,2,80,1,10,4,3,3,2-5,2,1,2
EMP1230,40,30-40,No,Travel_Rarely,369,Research & Development,8,2,Life Sciences,1,1724,2,Female,92,3,2,Manufacturing Director,1,Married,6516,Medium,5041,2,Y,Yes,16,3,2,80,1,18,3,3,1,<2,0,0,0
EMP1231,24,Under 30,No,Travel_Rarely,506,Research & Development,29,1,Medical,1,1725,2,Male,91,3,1,Laboratory Technician,1,Divorced,3907,Medium,3622,1,Y,No,13,3,2,80,3,6,2,4,6,5-10,2,1,2
EMP1232,46,40+,No,Travel_Rarely,717,Research & Development,13,4,Life Sciences,1,1727,3,Male,34,3,2,Healthcare Representative,2,Single,5562,Medium,9697,6,Y,No,14,3,4,80,0,19,3,3,10,5-10,7,0,9
EMP1233,35,30-40,No,Travel_Rarely,1370,Research & Development,27,4,Life Sciences,1,1728,4,Male,49,3,2,Manufacturing Director,3,Married,6883,Medium,5151,2,Y,No,16,3,2,80,1,17,3,3,7,5-10,7,0,7
EMP1234,30,30-40,No,Travel_Rarely,793,Research & Development,16,1,Life Sciences,1,1729,2,Male,33,3,1,Research Scientist,4,Married,2862,Low,3811,1,Y,No,12,3,2,80,1,10,2,2,10,5-10,0,0,8
EMP1235,47,40+,No,Non-Travel,543,Sales,2,4,Marketing,1,1731,3,Male,87,3,2,Sales Executive,2,Married,4978,Medium,3536,7,Y,No,11,3,4,80,1,4,3,1,1,<2,0,0,0
EMP1236,46,40+,No,Travel_Rarely,1277,Sales,2,3,Life Sciences,1,1732,3,Male,74,3,3,Sales Executive,4,Divorced,10368,High,5596,4,Y,Yes,12,3,2,80,1,13,5,2,10,5-10,6,0,3
EMP1237,36,30-40,Yes,Travel_Rarely,1456,Sales,13,5,Marketing,1,1733,2,Male,96,2,2,Sales Executive,1,Divorced,6134,Medium,8658,5,Y,Yes,13,3,2,80,3,16,3,3,2,2-5,2,2,2
EMP1238,32,30-40,Yes,Travel_Rarely,964,Sales,1,2,Life Sciences,1,1734,1,Male,34,1,2,Sales Executive,2,Single,6735,Medium,12147,6,Y,No,15,3,2,80,0,10,2,3,0,<2,0,0,0
EMP1239,23,Under 30,No,Travel_Rarely,160,Research & Development,4,1,Medical,1,1735,3,Female,51,3,1,Laboratory Technician,2,Single,3295,Medium,12862,1,Y,No,13,3,3,80,0,3,3,1,3,2-5,2,1,2
EMP1240,31,30-40,No,Travel_Frequently,163,Research & Development,24,1,Technical Degree,1,1736,4,Female,30,3,2,Manufacturing Director,4,Single,5238,Medium,6670,2,Y,No,20,4,4,80,0,9,3,2,5,2-5,4,1,4
EMP1241,39,30-40,No,Non-Travel,792,Research & Development,1,3,Life Sciences,1,1737,4,Male,77,3,2,Laboratory Technician,4,Married,6472,Medium,8989,1,Y,Yes,15,3,4,80,1,9,2,3,9,5-10,8,5,8
EMP1242,32,30-40,No,Travel_Rarely,371,Sales,19,3,Life Sciences,1,1739,4,Male,80,1,3,Sales Executive,3,Married,9610,High,3840,3,Y,No,13,3,3,80,1,10,2,1,4,2-5,3,0,2
EMP1243,40,30-40,No,Travel_Rarely,611,Sales,7,4,Medical,1,1740,2,Male,88,3,5,Manager,2,Single,19833,High,4349,1,Y,No,14,3,2,80,0,21,3,2,21,10+,8,12,8
EMP1244,45,40+,No,Travel_Rarely,176,Human Resources,4,3,Life Sciences,1,1744,3,Female,56,1,3,Human Resources,3,Married,9756,High,6595,4,Y,No,21,4,3,80,2,9,2,4,5,2-5,0,0,3
EMP1245,30,30-40,No,Travel_Frequently,1312,Research & Development,2,4,Technical Degree,1,1745,4,Female,78,2,1,Research Scientist,1,Single,4968,Medium,26427,0,Y,No,16,3,4,80,0,10,2,3,9,5-10,7,0,7
EMP1246,24,Under 30,No,Travel_Frequently,897,Human Resources,10,3,Medical,1,1746,1,Male,59,3,1,Human Resources,4,Married,2145,Low,2097,0,Y,No,14,3,4,80,1,3,2,3,2,2-5,2,2,1
EMP1247,30,30-40,Yes,Travel_Frequently,600,Human Resources,8,3,Human Resources,1,1747,3,Female,66,2,1,Human Resources,4,Divorced,2180,Low,9732,6,Y,No,11,3,3,80,1,6,0,2,4,2-5,2,1,2
EMP1248,31,30-40,No,Travel_Rarely,1003,Sales,5,3,Technical Degree,1,1749,1,Male,51,3,2,Sales Executive,3,Married,8346,High,20943,1,Y,No,19,3,3,80,1,6,3,3,5,2-5,2,0,2
EMP1249,27,Under 30,No,Travel_Rarely,1054,Research & Development,8,3,Medical,1,1751,3,Female,67,3,1,Research Scientist,4,Single,3445,Medium,6152,1,Y,No,11,3,3,80,0,6,5,2,6,5-10,2,1,4
EMP1250,29,Under 30,Yes,Travel_Rarely,428,Sales,9,3,Marketing,1,1752,2,Female,52,1,1,Sales Representative,2,Single,2760,Low,14630,1,Y,No,13,3,3,80,0,2,3,3,2,2-5,2,2,2
EMP1251,29,Under 30,No,Travel_Frequently,461,Research & Development,1,3,Life Sciences,1,1753,4,Male,70,4,2,Healthcare Representative,3,Single,6294,Medium,23060,8,Y,Yes,12,3,4,80,0,10,5,4,3,2-5,2,0,2
EMP1252,30,30-40,No,Travel_Rarely,979,Sales,15,2,Marketing,1,1754,3,Male,94,2,3,Sales Executive,1,Divorced,7140,High,3088,2,Y,No,11,3,1,80,1,12,2,3,7,5-10,7,1,7
EMP1253,34,30-40,No,Travel_Rarely,181,Research & Development,2,4,Medical,1,1755,4,Male,97,4,1,Research Scientist,4,Married,2932,Low,5586,0,Y,Yes,14,3,1,80,3,6,3,3,5,2-5,0,1,2
EMP1254,33,30-40,No,Non-Travel,1283,Sales,2,3,Marketing,1,1756,4,Female,62,3,2,Sales Executive,2,Single,5147,Medium,10697,8,Y,No,15,3,4,80,0,13,2,2,11,10+,7,1,7
EMP1255,49,40+,No,Travel_Rarely,1313,Sales,11,4,Marketing,1,1757,4,Female,80,3,2,Sales Executive,4,Single,4507,Medium,8191,3,Y,No,12,3,3,80,0,8,1,4,5,2-5,1,0,4
EMP1256,33,30-40,Yes,Travel_Rarely,211,Sales,16,3,Life Sciences,1,1758,1,Female,74,3,3,Sales Executive,1,Single,8564,High,10092,2,Y,Yes,20,4,3,80,0,11,2,2,0,<2,0,0,0
EMP1257,38,30-40,No,Travel_Frequently,594,Research & Development,2,2,Medical,1,1760,3,Female,75,2,1,Laboratory Technician,2,Married,2468,Low,15963,4,Y,No,14,3,2,80,1,9,4,2,6,5-10,1,0,5
EMP1258,31,30-40,Yes,Travel_Rarely,1079,Sales,16,4,Marketing,1,1761,1,Male,70,3,3,Sales Executive,3,Married,8161,High,19002,2,Y,No,13,3,1,80,3,10,2,3,1,<2,0,0,0
EMP1259,29,Under 30,No,Travel_Rarely,590,Research & Development,4,3,Technical Degree,1,1762,4,Female,91,2,1,Research Scientist,1,Divorced,2109,Low,10007,1,Y,No,13,3,3,80,1,1,2,3,1,<2,0,0,0
EMP1260,30,30-40,No,Travel_Rarely,305,Research & Development,16,3,Life Sciences,1,1763,3,Male,58,4,2,Healthcare Representative,3,Married,5294,Medium,9128,3,Y,No,16,3,3,80,1,10,3,3,7,5-10,0,1,7
EMP1261,32,30-40,No,Non-Travel,953,Research & Development,5,4,Technical Degree,1,1764,2,Male,65,3,1,Research Scientist,2,Single,2718,Low,17674,2,Y,No,14,3,2,80,0,12,3,3,7,5-10,7,0,7
EMP1262,38,30-40,No,Travel_Rarely,833,Research & Development,18,3,Medical,1,1766,2,Male,60,1,2,Healthcare Representative,4,Married,5811,Medium,24539,3,Y,Yes,16,3,3,80,1,15,2,3,1,<2,0,1,0
EMP1263,43,40+,Yes,Travel_Frequently,807,Research & Development,17,3,Technical Degree,1,1767,3,Male,38,2,1,Research Scientist,3,Married,2437,Low,15587,9,Y,Yes,16,3,4,80,1,6,4,3,1,<2,0,0,0
EMP1264,42,40+,No,Travel_Rarely,855,Research & Development,12,3,Medical,1,1768,2,Male,57,3,1,Laboratory Technician,2,Divorced,2766,Low,8952,8,Y,No,22,4,2,80,3,7,6,2,5,2-5,3,0,4
EMP1265,55,40+,No,Travel_Rarely,478,Research & Development,2,3,Medical,1,1770,3,Male,60,2,5,Research Director,1,Married,19038,High,19805,8,Y,No,12,3,2,80,3,34,2,3,1,<2,0,0,0
EMP1266,33,30-40,No,Non-Travel,775,Research & Development,4,3,Technical Degree,1,1771,4,Male,90,3,2,Research Scientist,2,Divorced,3055,Medium,6194,5,Y,No,15,3,4,80,2,11,2,2,9,5-10,8,1,7
EMP1267,41,40+,No,Travel_Rarely,548,Research & Development,9,4,Life Sciences,1,1772,3,Male,94,3,1,Laboratory Technician,1,Divorced,2289,Low,20520,1,Y,No,20,4,2,80,2,5,2,3,5,2-5,3,0,4
EMP1268,34,30-40,No,Non-Travel,1375,Sales,10,3,Life Sciences,1,1774,4,Male,87,3,2,Sales Executive,3,Divorced,4001,Medium,12313,1,Y,Yes,14,3,3,80,1,15,3,3,15,10+,14,0,7
EMP1269,53,40+,No,Non-Travel,661,Research & Development,1,4,Medical,1,1775,1,Female,60,2,4,Manufacturing Director,3,Married,12965,High,22308,4,Y,Yes,20,4,4,80,3,27,2,2,3,2-5,2,0,2
EMP1270,43,40+,No,Travel_Rarely,244,Human Resources,2,3,Life Sciences,1,1778,2,Male,97,3,1,Human Resources,4,Single,3539,Medium,5033,0,Y,No,13,3,2,80,0,10,5,3,9,5-10,7,1,8
EMP1271,34,30-40,No,Travel_Rarely,511,Sales,3,2,Life Sciences,1,1779,4,Female,32,1,2,Sales Executive,4,Single,6029,Medium,25353,5,Y,No,12,3,1,80,0,6,3,3,2,2-5,2,2,2
EMP1272,21,Under 30,Yes,Travel_Rarely,337,Sales,7,1,Marketing,1,1780,2,Male,31,3,1,Sales Representative,2,Single,2679,Low,4567,1,Y,No,13,3,2,80,0,1,3,3,1,<2,0,1,0
EMP1273,38,30-40,No,Travel_Rarely,1153,Research & Development,6,2,Other,1,1782,4,Female,40,2,1,Laboratory Technician,3,Married,3702,Medium,16376,1,Y,No,11,3,2,80,1,5,3,3,5,2-5,4,0,4
EMP1274,22,Under 30,Yes,Travel_Rarely,1294,Research & Development,8,1,Medical,1,1783,3,Female,79,3,1,Laboratory Technician,1,Married,2398,Low,15999,1,Y,Yes,17,3,3,80,0,1,6,3,1,<2,0,0,0
EMP1275,31,30-40,No,Travel_Rarely,196,Sales,29,4,Marketing,1,1784,1,Female,91,2,2,Sales Executive,4,Married,5468,Medium,13402,1,Y,No,14,3,1,80,2,13,3,3,12,10+,7,5,7
EMP1276,51,40+,No,Travel_Rarely,942,Research & Development,3,3,Technical Degree,1,1786,1,Female,53,3,3,Manager,3,Married,13116,High,22984,2,Y,No,11,3,4,80,0,15,2,3,2,2-5,2,2,2
EMP1277,37,30-40,No,Travel_Rarely,589,Sales,9,2,Marketing,1,1787,2,Male,46,2,2,Sales Executive,2,Married,4189,Medium,8800,1,Y,No,14,3,1,80,2,5,2,3,5,2-5,2,0,3
EMP1278,46,40+,No,Travel_Rarely,734,Research & Development,2,4,Medical,1,1789,3,Male,46,3,5,Research Director,4,Divorced,19328,High,14218,7,Y,Yes,17,3,3,80,1,24,3,3,2,2-5,1,2,2
EMP1279,36,30-40,No,Travel_Rarely,1383,Research & Development,10,3,Life Sciences,1,1790,4,Male,90,3,3,Healthcare Representative,1,Married,8321,High,25949,7,Y,Yes,13,3,4,80,1,15,1,3,12,10+,8,5,7
EMP1280,44,40+,Yes,Travel_Frequently,429,Research & Development,1,2,Medical,1,1792,3,Male,99,3,1,Research Scientist,2,Divorced,2342,Low,11092,1,Y,Yes,12,3,3,80,3,6,2,2,5,2-5,3,2,3
EMP1281,37,30-40,No,Travel_Rarely,1239,Human Resources,8,2,Other,1,1794,3,Male,89,3,2,Human Resources,2,Divorced,4071,Medium,12832,2,Y,No,13,3,3,80,0,19,4,2,10,5-10,0,4,7
EMP1282,35,30-40,Yes,Travel_Rarely,303,Sales,27,3,Life Sciences,1,1797,3,Male,84,3,2,Sales Executive,4,Single,5813,Medium,13492,1,Y,Yes,18,3,4,80,0,10,2,3,10,5-10,7,7,7
EMP1283,33,30-40,No,Travel_Rarely,867,Research & Development,8,4,Life Sciences,1,1798,4,Male,90,4,1,Research Scientist,1,Married,3143,Medium,6076,6,Y,No,19,3,2,80,1,14,1,3,10,5-10,8,7,6
EMP1284,28,Under 30,No,Travel_Rarely,1181,Research & Development,1,3,Life Sciences,1,1799,3,Male,82,3,1,Research Scientist,4,Married,2044,Low,5531,1,Y,No,11,3,3,80,1,5,6,4,5,2-5,3,0,3
EMP1285,39,30-40,No,Travel_Rarely,1253,Research & Development,10,1,Medical,1,1800,3,Male,65,3,3,Research Director,3,Single,13464,High,7914,7,Y,No,21,4,3,80,0,9,3,3,4,2-5,3,2,2
EMP1286,46,40+,No,Non-Travel,849,Sales,26,2,Life Sciences,1,1801,2,Male,98,2,2,Sales Executive,2,Single,7991,High,25166,8,Y,No,15,3,3,80,0,6,3,3,2,2-5,2,2,2
EMP1287,40,30-40,No,Travel_Rarely,616,Research & Development,2,2,Life Sciences,1,1802,3,Female,99,3,1,Laboratory Technician,1,Married,3377,Medium,25605,4,Y,No,17,3,4,80,1,7,5,2,4,2-5,3,0,2
EMP1288,42,40+,No,Travel_Rarely,1128,Research & Development,13,3,Medical,1,1803,2,Male,95,4,2,Healthcare Representative,1,Married,5538,Medium,5696,5,Y,No,18,3,3,80,2,10,2,2,0,<2,0,0,0
EMP1289,35,30-40,No,Non-Travel,1180,Research & Development,2,2,Medical,1,1804,2,Male,90,3,2,Manufacturing Director,4,Divorced,5762,Medium,24442,2,Y,No,14,3,3,80,1,15,6,3,7,5-10,7,1,7
EMP1290,38,30-40,No,Non-Travel,1336,Human Resources,2,3,Human Resources,1,1805,1,Male,100,3,1,Human Resources,2,Divorced,2592,Low,7129,5,Y,No,13,3,4,80,3,13,3,3,11,10+,10,3,8
EMP1291,34,30-40,Yes,Travel_Frequently,234,Research & Development,9,4,Life Sciences,1,1807,4,Male,93,3,2,Laboratory Technician,1,Married,5346,Medium,6208,4,Y,No,17,3,3,80,1,11,3,2,7,5-10,1,0,7
EMP1292,37,30-40,Yes,Travel_Rarely,370,Research & Development,10,4,Medical,1,1809,4,Male,58,3,2,Manufacturing Director,1,Single,4213,Medium,4992,1,Y,No,15,3,2,80,0,10,4,1,10,5-10,3,0,8
EMP1293,39,30-40,No,Travel_Frequently,766,Sales,20,3,Life Sciences,1,1812,3,Male,83,3,2,Sales Executive,4,Divorced,4127,Medium,19188,2,Y,No,18,3,4,80,1,7,6,3,2,2-5,1,2,2
EMP1294,43,40+,No,Non-Travel,343,Research & Development,9,3,Life Sciences,1,1813,1,Male,52,3,1,Research Scientist,3,Single,2438,Low,24978,4,Y,No,13,3,3,80,0,7,2,2,3,2-5,2,1,2
EMP1295,41,40+,No,Travel_Rarely,447,Research & Development,5,3,Life Sciences,1,1814,2,Male,85,4,2,Healthcare Representative,2,Single,6870,Medium,15530,3,Y,No,12,3,1,80,0,11,3,1,3,2-5,2,1,2
EMP1296,41,40+,No,Travel_Rarely,796,Sales,4,1,Marketing,1,1815,3,Female,81,3,3,Sales Executive,3,Divorced,10447,High,26458,0,Y,Yes,13,3,4,80,1,23,3,4,22,10+,14,13,5
EMP1297,30,30-40,No,Travel_Rarely,1092,Research & Development,10,3,Medical,1,1816,1,Female,64,3,3,Manufacturing Director,3,Single,9667,High,2739,9,Y,No,14,3,2,80,0,9,3,3,7,5-10,7,0,2
EMP1298,26,Under 30,Yes,Travel_Rarely,920,Human Resources,20,2,Medical,1,1818,4,Female,69,3,1,Human Resources,2,Married,2148,Low,6889,0,Y,Yes,11,3,3,80,0,6,3,3,5,2-5,1,1,4
EMP1299,46,40+,Yes,Travel_Rarely,261,Research & Development,21,2,Medical,1,1821,4,Female,66,3,2,Healthcare Representative,2,Married,8926,High,10842,4,Y,No,22,4,4,80,1,13,2,4,9,5-10,7,3,7
EMP1300,40,30-40,No,Travel_Rarely,1194,Research & Development,1,3,Life Sciences,1,1822,3,Female,52,3,2,Healthcare Representative,4,Divorced,6513,Medium,9060,4,Y,No,17,3,4,80,1,12,3,3,5,2-5,3,0,3
EMP1301,34,30-40,No,Travel_Rarely,810,Sales,8,2,Technical Degree,1,1823,2,Male,92,4,2,Sales Executive,3,Married,6799,Medium,22128,1,Y,No,21,4,3,80,2,10,5,3,10,5-10,8,4,8
EMP1302,58,40+,No,Non-Travel,350,Sales,2,3,Medical,1,1824,2,Male,52,3,4,Manager,2,Divorced,16291,High,22577,4,Y,No,22,4,4,80,1,37,0,2,16,10+,9,14,14
EMP1303,35,30-40,No,Travel_Rarely,185,Research & Development,23,4,Medical,1,1826,2,Male,91,1,1,Laboratory Technician,3,Married,2705,Low,9696,0,Y,No,16,3,2,80,1,6,2,4,5,2-5,4,0,3
EMP1304,47,40+,No,Travel_Rarely,1001,Research & Development,4,3,Life Sciences,1,1827,3,Female,92,2,3,Manufacturing Director,2,Divorced,10333,High,19271,8,Y,Yes,12,3,3,80,1,28,4,3,22,10+,11,14,10
EMP1305,40,30-40,No,Travel_Rarely,750,Research & Development,12,3,Life Sciences,1,1829,2,Female,47,3,2,Healthcare Representative,1,Divorced,4448,Medium,10748,2,Y,No,12,3,2,80,1,15,3,3,7,5-10,4,7,7
EMP1306,54,40+,No,Travel_Rarely,431,Research & Development,7,4,Medical,1,1830,4,Female,68,3,2,Research Scientist,4,Married,6854,Medium,15696,4,Y,No,15,3,2,80,1,14,2,2,7,5-10,1,1,7
EMP1307,31,30-40,No,Travel_Frequently,1125,Sales,7,4,Marketing,1,1833,1,Female,68,3,3,Sales Executive,1,Married,9637,High,8277,2,Y,No,14,3,4,80,2,9,3,3,3,2-5,2,2,2
EMP1308,28,Under 30,No,Travel_Rarely,1217,Research & Development,1,3,Medical,1,1834,3,Female,67,3,1,Research Scientist,1,Married,3591,Medium,12719,1,Y,No,25,4,3,80,1,3,3,3,3,2-5,2,1,2
EMP1309,38,30-40,No,Travel_Rarely,723,Sales,2,4,Marketing,1,1835,2,Female,77,1,2,Sales Representative,4,Married,5405,Medium,4244,2,Y,Yes,20,4,1,80,2,20,4,2,4,2-5,2,0,3
EMP1310,26,Under 30,No,Travel_Rarely,572,Sales,10,3,Medical,1,1836,3,Male,46,3,2,Sales Executive,4,Single,4684,Medium,9125,1,Y,No,13,3,1,80,0,5,4,3,5,2-5,3,1,2
EMP1311,58,40+,No,Travel_Frequently,1216,Research & Development,15,4,Life Sciences,1,1837,1,Male,87,3,4,Research Director,3,Married,15787,High,21624,2,Y,Yes,14,3,2,80,0,23,3,3,2,2-5,2,2,2
EMP1312,18,Under 30,No,Non-Travel,1431,Research & Development,14,3,Medical,1,1839,2,Female,33,3,1,Research Scientist,3,Single,1514,Low,8018,1,Y,No,16,3,3,80,0,0,4,1,0,<2,0,0,0
EMP1313,31,30-40,Yes,Travel_Rarely,359,Human Resources,18,5,Human Resources,1,1842,4,Male,89,4,1,Human Resources,1,Married,2956,Low,21495,0,Y,No,17,3,3,80,0,2,4,3,1,<2,0,0,0
EMP1314,29,Under 30,Yes,Travel_Rarely,350,Human Resources,13,3,Human Resources,1,1844,1,Male,56,2,1,Human Resources,1,Divorced,2335,Low,3157,4,Y,Yes,15,3,4,80,3,4,3,3,2,2-5,2,2,0
EMP1315,45,40+,No,Non-Travel,589,Sales,2,4,Life Sciences,1,1845,3,Female,67,3,2,Sales Executive,3,Married,5154,Medium,19665,4,Y,No,22,4,2,80,2,10,3,4,8,5-10,7,5,7
EMP1316,36,30-40,No,Travel_Rarely,430,Research & Development,2,4,Other,1,1847,4,Female,73,3,2,Research Scientist,2,Married,6962,Medium,19573,4,Y,Yes,22,4,4,80,1,15,2,3,1,<2,0,0,0
EMP1317,43,40+,No,Travel_Frequently,1422,Sales,2,4,Life Sciences,1,1849,1,Male,92,3,2,Sales Executive,4,Married,5675,Medium,19246,1,Y,No,20,4,3,80,1,7,5,3,7,5-10,7,7,7
EMP1318,27,Under 30,No,Travel_Frequently,1297,Research & Development,5,2,Life Sciences,1,1850,4,Female,53,3,1,Laboratory Technician,4,Single,2379,Low,19826,0,Y,Yes,14,3,3,80,0,6,3,2,5,2-5,4,0,2
EMP1319,29,Under 30,No,Travel_Frequently,574,Research & Development,20,1,Medical,1,1852,4,Male,40,3,1,Laboratory Technician,4,Married,3812,Medium,7003,1,Y,No,13,3,2,80,0,11,3,4,11,10+,8,3,10
EMP1320,32,30-40,No,Travel_Frequently,1318,Sales,10,4,Marketing,1,1853,4,Male,79,3,2,Sales Executive,4,Single,4648,Medium,26075,8,Y,No,13,3,3,80,0,4,2,4,0,<2,0,0,0
EMP1321,42,40+,No,Non-Travel,355,Research & Development,10,4,Technical Degree,1,1854,3,Male,38,3,1,Research Scientist,3,Married,2936,Low,6161,3,Y,No,22,4,2,80,2,10,1,2,6,5-10,3,3,3
EMP1322,47,40+,No,Travel_Rarely,207,Research & Development,9,4,Life Sciences,1,1856,2,Female,64,3,1,Laboratory Technician,3,Single,2105,Low,5411,4,Y,No,12,3,3,80,0,7,2,3,2,2-5,2,2,0
EMP1323,46,40+,No,Travel_Rarely,706,Research & Development,2,2,Life Sciences,1,1857,4,Male,82,3,3,Manufacturing Director,4,Divorced,8578,High,19989,3,Y,No,14,3,3,80,1,12,4,2,9,5-10,8,4,7
EMP1324,28,Under 30,No,Non-Travel,280,Human Resources,1,2,Life Sciences,1,1858,3,Male,43,3,1,Human Resources,4,Divorced,2706,Low,10494,1,Y,No,15,3,2,80,1,3,2,3,3,2-5,2,2,2
EMP1325,29,Under 30,No,Travel_Rarely,726,Research & Development,29,1,Life Sciences,1,1859,4,Male,93,1,2,Healthcare Representative,3,Divorced,6384,Medium,21143,8,Y,No,17,3,4,80,2,11,3,3,7,5-10,0,1,6
EMP1326,42,40+,No,Travel_Rarely,1142,Research & Development,8,3,Life Sciences,1,1860,4,Male,81,3,1,Laboratory Technician,3,Single,3968,Medium,13624,4,Y,No,13,3,4,80,0,8,3,3,0,<2,0,0,0
EMP1327,32,30-40,Yes,Travel_Rarely,414,Sales,2,4,Marketing,1,1862,3,Male,82,2,2,Sales Executive,2,Single,9907,High,26186,7,Y,Yes,12,3,3,80,0,7,3,2,2,2-5,2,2,2
EMP1328,46,40+,No,Travel_Rarely,1319,Sales,3,3,Technical Degree,1,1863,1,Female,45,4,4,Sales Executive,1,Divorced,13225,High,7739,2,Y,No,12,3,4,80,1,25,5,3,19,10+,17,2,8
EMP1329,27,Under 30,No,Travel_Rarely,728,Sales,23,1,Medical,1,1864,2,Female,36,2,2,Sales Representative,3,Married,3540,Medium,7018,1,Y,No,21,4,4,80,1,9,5,3,9,5-10,8,5,8
EMP1330,29,Under 30,No,Travel_Rarely,352,Human Resources,6,1,Medical,1,1865,4,Male,87,2,1,Human Resources,2,Married,2804,Low,15434,1,Y,No,11,3,4,80,0,1,3,3,1,<2,0,0,0
EMP1331,43,40+,No,Travel_Rarely,823,Research & Development,6,3,Medical,1,1866,1,Female,81,2,5,Manager,3,Married,19392,High,22539,7,Y,No,13,3,4,80,0,21,2,3,16,10+,12,6,14
EMP1332,48,40+,No,Travel_Rarely,1224,Research & Development,10,3,Life Sciences,1,1867,4,Male,91,2,5,Research Director,2,Married,19665,High,13583,4,Y,No,12,3,4,80,0,29,3,3,22,10+,10,12,9
EMP1333,29,Under 30,Yes,Travel_Frequently,459,Research & Development,24,2,Life Sciences,1,1868,4,Male,73,2,1,Research Scientist,4,Single,2439,Low,14753,1,Y,Yes,24,4,2,80,0,1,3,2,1,<2,0,1,0
EMP1334,46,40+,Yes,Travel_Rarely,1254,Sales,10,3,Life Sciences,1,1869,3,Female,64,3,3,Sales Executive,2,Married,7314,High,14011,5,Y,No,21,4,3,80,3,14,2,3,8,5-10,7,0,7
EMP1335,27,Under 30,No,Travel_Frequently,1131,Research & Development,15,3,Life Sciences,1,1870,4,Female,77,2,1,Research Scientist,1,Married,4774,Medium,23844,0,Y,No,19,3,4,80,1,8,2,2,7,5-10,6,7,3
EMP1336,39,30-40,No,Travel_Rarely,835,Research & Development,19,4,Other,1,1871,4,Male,41,3,2,Research Scientist,4,Divorced,3902,Medium,5141,8,Y,No,14,3,2,80,3,7,2,3,2,2-5,2,2,2
EMP1337,55,40+,No,Travel_Rarely,836,Research & Development,2,4,Technical Degree,1,1873,2,Male,98,2,1,Research Scientist,4,Married,2662,Low,7975,8,Y,No,20,4,2,80,1,19,2,4,5,2-5,2,0,4
EMP1338,28,Under 30,No,Travel_Rarely,1172,Sales,3,3,Medical,1,1875,2,Female,78,3,1,Sales Representative,2,Married,2856,Low,3692,1,Y,No,19,3,4,80,1,1,3,3,1,<2,0,0,0
EMP1339,30,30-40,Yes,Travel_Rarely,945,Sales,9,3,Medical,1,1876,2,Male,89,3,1,Sales Representative,4,Single,1081,Low,16019,1,Y,No,13,3,3,80,0,1,3,2,1,<2,0,0,0
EMP1340,22,Under 30,Yes,Travel_Rarely,391,Research & Development,7,1,Life Sciences,1,1878,4,Male,75,3,1,Research Scientist,2,Single,2472,Low,26092,1,Y,Yes,23,4,1,80,0,1,2,3,1,<2,0,0,0
EMP1341,36,30-40,No,Travel_Rarely,1266,Sales,10,4,Technical Degree,1,1880,2,Female,63,2,2,Sales Executive,3,Married,5673,Medium,6060,1,Y,Yes,13,3,1,80,1,10,4,3,10,5-10,9,1,7
EMP1342,31,30-40,No,Travel_Rarely,311,Research & Development,20,3,Life Sciences,1,1881,2,Male,89,3,2,Laboratory Technician,3,Divorced,4197,Medium,18624,1,Y,No,11,3,1,80,1,10,2,3,10,5-10,8,0,2
EMP1343,34,30-40,No,Travel_Rarely,1480,Sales,4,3,Life Sciences,1,1882,3,Male,64,3,3,Sales Executive,4,Married,9713,High,24444,2,Y,Yes,13,3,4,80,3,9,3,3,5,2-5,3,1,0
EMP1344,29,Under 30,No,Travel_Rarely,592,Research & Development,7,3,Life Sciences,1,1883,4,Male,59,3,1,Laboratory Technician,1,Single,2062,Low,19384,3,Y,No,14,3,2,80,0,11,2,3,3,2-5,2,1,2
EMP1345,37,30-40,No,Travel_Rarely,783,Research & Development,7,4,Medical,1,1885,4,Male,78,3,2,Research Scientist,1,Married,4284,Medium,13588,5,Y,Yes,22,4,3,80,1,16,2,3,5,2-5,3,0,4
EMP1346,35,30-40,No,Travel_Rarely,219,Research & Development,16,2,Other,1,1886,4,Female,44,2,2,Manufacturing Director,2,Married,4788,Medium,25388,0,Y,Yes,11,3,4,80,0,4,2,3,3,2-5,2,0,2
EMP1347,45,40+,No,Travel_Rarely,556,Research & Development,25,2,Life Sciences,1,1888,2,Female,93,2,2,Manufacturing Director,4,Married,5906,Medium,23888,0,Y,No,13,3,4,80,2,10,2,2,9,5-10,8,3,8
EMP1348,36,30-40,No,Travel_Frequently,1213,Human Resources,2,1,Human Resources,1,1890,2,Male,94,2,2,Human Resources,4,Single,3886,Medium,4223,1,Y,No,21,4,4,80,0,10,2,2,10,5-10,1,0,8
EMP1349,40,30-40,No,Travel_Rarely,1137,Research & Development,1,4,Life Sciences,1,1892,1,Male,98,3,4,Manager,1,Divorced,16823,High,18991,2,Y,No,11,3,1,80,1,22,3,3,19,10+,7,11,16
EMP1350,26,Under 30,No,Travel_Rarely,482,Research & Development,1,2,Life Sciences,1,1893,2,Female,90,2,1,Research Scientist,3,Married,2933,Low,14908,1,Y,Yes,13,3,3,80,1,1,3,2,1,<2,0,1,0
EMP1351,27,Under 30,No,Travel_Rarely,511,Sales,2,2,Medical,1,1898,1,Female,89,4,2,Sales Executive,3,Single,6500,Medium,26997,0,Y,No,14,3,2,80,0,9,5,2,8,5-10,7,0,7
EMP1352,48,40+,No,Travel_Frequently,117,Research & Development,22,3,Medical,1,1900,4,Female,58,3,4,Manager,4,Divorced,17174,High,2437,3,Y,No,11,3,2,80,1,24,3,3,22,10+,17,4,7
EMP1353,44,40+,No,Travel_Rarely,170,Research & Development,1,4,Life Sciences,1,1903,2,Male,78,4,2,Healthcare Representative,1,Married,5033,Medium,9364,2,Y,No,15,3,4,80,1,10,5,3,2,2-5,0,2,2
EMP1354,34,30-40,Yes,Non-Travel,967,Research & Development,16,4,Technical Degree,1,1905,4,Male,85,1,1,Research Scientist,1,Married,2307,Low,14460,1,Y,Yes,23,4,2,80,1,5,2,3,5,2-5,2,3,0
EMP1355,56,40+,Yes,Travel_Rarely,1162,Research & Development,24,2,Life Sciences,1,1907,1,Male,97,3,1,Laboratory Technician,4,Single,2587,Low,10261,1,Y,No,16,3,4,80,0,5,3,3,4,2-5,2,1,0
EMP1356,36,30-40,No,Travel_Rarely,335,Sales,17,2,Marketing,1,1908,3,Male,33,2,2,Sales Executive,2,Married,5507,Medium,16822,2,Y,No,16,3,3,80,2,12,1,1,4,2-5,2,1,3
EMP1357,41,40+,No,Travel_Rarely,337,Sales,8,3,Marketing,1,1909,3,Female,54,3,2,Sales Executive,2,Married,4393,Medium,26841,5,Y,No,21,4,3,80,1,14,3,3,5,2-5,4,1,4
EMP1358,42,40+,No,Travel_Rarely,1396,Research & Development,6,3,Medical,1,1911,3,Male,83,3,3,Research Director,1,Married,13348,High,14842,9,Y,No,13,3,2,80,1,18,3,4,13,10+,7,5,7
EMP1359,31,30-40,No,Travel_Rarely,1079,Sales,10,2,Medical,1,1912,3,Female,86,3,2,Sales Executive,4,Divorced,6583,Medium,20115,2,Y,Yes,11,3,4,80,1,8,2,3,5,2-5,2,1,4
EMP1360,34,30-40,No,Travel_Rarely,735,Sales,3,1,Medical,1,1915,4,Female,75,2,2,Sales Executive,4,Married,8103,High,16495,3,Y,Yes,12,3,3,80,0,9,3,2,4,2-5,2,0,1
EMP1361,31,30-40,No,Travel_Rarely,471,Research & Development,4,3,Medical,1,1916,1,Female,62,4,1,Laboratory Technician,3,Divorced,3978,Medium,16031,8,Y,No,12,3,2,80,1,4,0,2,2,2-5,2,2,2
EMP1362,26,Under 30,No,Travel_Frequently,1096,Research & Development,6,3,Other,1,1918,3,Male,61,4,1,Laboratory Technician,4,Married,2544,Low,7102,0,Y,No,18,3,1,80,1,8,3,3,7,5-10,7,7,7
EMP1363,45,40+,No,Travel_Frequently,1297,Research & Development,1,4,Medical,1,1922,2,Male,44,3,2,Healthcare Representative,3,Single,5399,Medium,14511,4,Y,No,12,3,3,80,0,12,3,3,4,2-5,2,0,3
EMP1364,33,30-40,No,Travel_Rarely,217,Sales,10,4,Marketing,1,1924,2,Male,43,3,2,Sales Executive,3,Single,5487,Medium,10410,1,Y,No,14,3,2,80,0,10,2,2,10,5-10,4,0,9
EMP1365,28,Under 30,No,Travel_Frequently,783,Sales,1,2,Life Sciences,1,1927,3,Male,42,2,2,Sales Executive,4,Married,6834,Medium,19255,1,Y,Yes,12,3,3,80,1,7,2,3,7,5-10,7,0,7
EMP1366,29,Under 30,Yes,Travel_Frequently,746,Sales,24,3,Technical Degree,1,1928,3,Male,45,4,1,Sales Representative,1,Single,1091,Low,10642,1,Y,No,17,3,4,80,0,1,3,3,1,<2,0,0,0
EMP1367,39,30-40,No,Non-Travel,1251,Sales,21,4,Life Sciences,1,1929,1,Female,32,1,2,Sales Executive,3,Married,5736,Medium,3987,6,Y,No,19,3,3,80,1,10,1,3,3,2-5,2,1,2
EMP1368,27,Under 30,No,Travel_Rarely,1354,Research & Development,2,4,Technical Degree,1,1931,2,Male,41,3,1,Research Scientist,2,Married,2226,Low,6073,1,Y,No,11,3,3,80,1,6,3,2,5,2-5,3,1,2
EMP1369,34,30-40,No,Travel_Frequently,735,Research & Development,22,4,Other,1,1932,3,Male,86,2,2,Research Scientist,4,Married,5747,Medium,26496,1,Y,Yes,15,3,2,80,0,16,3,3,15,10+,10,6,11
EMP1370,28,Under 30,Yes,Travel_Rarely,1475,Sales,13,2,Marketing,1,1933,4,Female,84,3,2,Sales Executive,3,Single,9854,High,23352,3,Y,Yes,11,3,4,80,0,6,0,3,2,2-5,0,2,2
EMP1371,47,40+,No,Non-Travel,1169,Research & Development,14,4,Technical Degree,1,1934,3,Male,64,3,2,Research Scientist,2,Married,5467,Medium,2125,8,Y,No,18,3,3,80,1,16,4,4,8,5-10,7,1,7
EMP1372,56,40+,No,Travel_Rarely,1443,Sales,11,5,Marketing,1,1935,4,Female,89,2,2,Sales Executive,1,Married,5380,Medium,20328,4,Y,No,16,3,3,80,1,6,3,3,0,<2,0,0,0
EMP1373,39,30-40,No,Travel_Rarely,867,Research & Development,9,2,Medical,1,1936,1,Male,87,3,2,Manufacturing Director,1,Married,5151,Medium,12315,1,Y,No,25,4,4,80,1,10,3,3,10,5-10,0,7,9
EMP1374,38,30-40,No,Travel_Frequently,1394,Research & Development,8,3,Medical,1,1937,4,Female,58,2,2,Research Scientist,2,Divorced,2133,Low,18115,1,Y,Yes,16,3,3,80,1,20,3,3,20,10+,11,0,7
EMP1375,58,40+,No,Travel_Rarely,605,Sales,21,3,Life Sciences,1,1938,4,Female,72,3,4,Manager,4,Married,17875,High,11761,4,Y,Yes,13,3,3,80,1,29,2,2,1,<2,0,0,0
EMP1376,32,30-40,Yes,Travel_Frequently,238,Research & Development,5,2,Life Sciences,1,1939,1,Female,47,4,1,Research Scientist,3,Single,2432,Low,15318,3,Y,Yes,14,3,1,80,0,8,2,3,4,2-5,1,0,3
EMP1377,38,30-40,No,Travel_Rarely,1206,Research & Development,9,2,Life Sciences,1,1940,2,Male,71,3,1,Research Scientist,4,Divorced,4771,Medium,14293,2,Y,No,19,3,4,80,2,10,0,4,5,2-5,2,0,3
EMP1378,49,40+,No,Travel_Frequently,1064,Research & Development,2,1,Life Sciences,1,1941,2,Male,42,3,5,Research Director,4,Married,19161,High,13738,3,Y,No,15,3,4,80,0,28,3,3,5,2-5,4,4,3
EMP1379,42,40+,No,Travel_Rarely,419,Sales,12,4,Marketing,1,1943,2,Male,77,3,2,Sales Executive,4,Divorced,5087,Medium,2900,3,Y,Yes,12,3,3,80,2,14,4,3,0,<2,0,0,0
EMP1380,27,Under 30,Yes,Travel_Frequently,1337,Human Resources,22,3,Human Resources,1,1944,1,Female,58,2,1,Human Resources,2,Married,2863,Low,19555,1,Y,No,12,3,1,80,0,1,2,3,1,<2,0,0,0
EMP1381,35,30-40,No,Travel_Rarely,682,Sales,18,4,Medical,1,1945,2,Male,71,3,2,Sales Executive,1,Married,5561,Medium,15975,0,Y,No,16,3,4,80,1,6,2,1,5,2-5,3,0,4
EMP1382,28,Under 30,No,Non-Travel,1103,Research & Development,16,3,Medical,1,1947,3,Male,49,3,1,Research Scientist,3,Single,2144,Low,2122,1,Y,No,14,3,3,80,0,5,3,2,5,2-5,3,1,4
EMP1383,31,30-40,No,Non-Travel,976,Research & Development,3,2,Medical,1,1948,3,Male,48,3,1,Research Scientist,1,Divorced,3065,Medium,3995,1,Y,Yes,13,3,4,80,1,4,3,4,4,2-5,2,2,3
EMP1384,36,30-40,No,Non-Travel,1351,Research & Development,9,4,Life Sciences,1,1949,1,Male,66,4,1,Laboratory Technician,2,Married,2810,Low,9238,1,Y,No,22,4,2,80,0,5,3,3,5,2-5,4,0,2
EMP1385,34,30-40,No,Travel_Rarely,937,Sales,1,3,Marketing,1,1950,1,Male,32,3,3,Sales Executive,4,Single,9888,High,6770,1,Y,No,21,4,1,80,0,14,3,2,14,10+,8,2,1
EMP1386,34,30-40,No,Travel_Rarely,1239,Sales,13,4,Medical,1,1951,4,Male,39,3,3,Sales Executive,3,Divorced,8628,High,22914,1,Y,No,18,3,3,80,1,9,2,2,8,5-10,7,1,1
EMP1387,26,Under 30,No,Travel_Rarely,157,Research & Development,1,3,Medical,1,1952,3,Male,95,3,1,Laboratory Technician,1,Single,2867,Low,20006,0,Y,No,13,3,4,80,0,8,6,2,7,5-10,7,7,6
EMP1388,29,Under 30,No,Travel_Rarely,136,Research & Development,1,3,Life Sciences,1,1954,1,Male,89,3,2,Healthcare Representative,1,Married,5373,Medium,6225,0,Y,No,12,3,1,80,1,6,5,2,5,2-5,3,0,2
EMP1389,32,30-40,No,Non-Travel,1146,Research & Development,15,4,Medical,1,1955,3,Female,34,3,2,Healthcare Representative,4,Divorced,6667,Medium,16542,5,Y,No,18,3,2,80,1,9,6,3,5,2-5,1,1,2
EMP1390,31,30-40,No,Travel_Frequently,1125,Research & Development,1,3,Life Sciences,1,1956,4,Male,48,1,2,Research Scientist,1,Married,5003,Medium,5771,1,Y,No,21,4,2,80,0,10,6,3,10,5-10,8,8,7
EMP1391,28,Under 30,Yes,Travel_Rarely,1404,Research & Development,17,3,Technical Degree,1,1960,3,Male,32,2,1,Laboratory Technician,4,Divorced,2367,Low,18779,5,Y,No,12,3,1,80,1,6,2,2,4,2-5,1,0,3
EMP1392,38,30-40,No,Travel_Rarely,1404,Sales,1,3,Life Sciences,1,1961,1,Male,59,2,1,Sales Representative,1,Single,2858,Low,11473,4,Y,No,14,3,1,80,0,20,3,2,1,<2,0,0,0
EMP1393,35,30-40,No,Travel_Rarely,1224,Sales,7,4,Life Sciences,1,1962,3,Female,55,3,2,Sales Executive,4,Married,5204,Medium,13586,1,Y,Yes,11,3,4,80,0,10,2,3,10,5-10,8,0,9
EMP1394,27,Under 30,No,Travel_Rarely,954,Sales,9,3,Marketing,1,1965,4,Male,44,3,2,Sales Executive,4,Single,4105,Medium,5099,1,Y,No,14,3,1,80,0,7,5,3,7,5-10,7,0,7
EMP1395,32,30-40,No,Travel_Rarely,1373,Research & Development,5,4,Life Sciences,1,1966,4,Male,56,2,2,Manufacturing Director,4,Single,9679,High,10138,8,Y,No,24,4,2,80,0,8,1,3,1,<2,0,0,0
EMP1396,31,30-40,Yes,Travel_Frequently,754,Sales,26,4,Marketing,1,1967,1,Male,63,3,2,Sales Executive,4,Married,5617,Medium,21075,1,Y,Yes,11,3,3,80,0,10,4,3,10,5-10,7,0,8
EMP1397,53,40+,Yes,Travel_Rarely,1168,Sales,24,4,Life Sciences,1,1968,1,Male,66,3,3,Sales Executive,1,Single,10448,High,5843,6,Y,Yes,13,3,2,80,0,15,2,2,2,2-5,2,2,2
EMP1398,54,40+,No,Travel_Rarely,155,Research & Development,9,2,Life Sciences,1,1969,1,Female,67,3,2,Research Scientist,3,Married,2897,Low,22474,3,Y,No,11,3,3,80,2,9,6,2,4,2-5,3,2,3
EMP1399,33,30-40,No,Travel_Frequently,1303,Research & Development,7,2,Life Sciences,1,1970,4,Male,36,3,2,Healthcare Representative,3,Divorced,5968,Medium,18079,1,Y,No,20,4,3,80,3,9,2,3,9,5-10,7,2,8
EMP1400,43,40+,No,Travel_Rarely,574,Research & Development,11,3,Life Sciences,1,1971,1,Male,30,3,3,Healthcare Representative,3,Married,7510,High,16873,1,Y,No,17,3,2,80,1,10,1,3,10,5-10,9,0,9
EMP1401,38,30-40,No,Travel_Frequently,1444,Human Resources,1,4,Other,1,1972,4,Male,88,3,1,Human Resources,2,Married,2991,Low,5224,0,Y,Yes,11,3,2,80,1,7,2,3,6,5-10,2,1,2
EMP1402,55,40+,No,Travel_Rarely,189,Human Resources,26,4,Human Resources,1,1973,3,Male,71,4,5,Manager,2,Married,19636,High,25811,4,Y,Yes,18,3,1,80,1,35,0,3,10,5-10,9,1,4
EMP1403,31,30-40,No,Travel_Rarely,1276,Research & Development,2,1,Medical,1,1974,4,Female,59,1,1,Laboratory Technician,4,Divorced,1129,Low,17536,1,Y,Yes,11,3,3,80,3,1,4,3,1,<2,0,0,0
EMP1404,39,30-40,No,Travel_Rarely,119,Sales,15,4,Marketing,1,1975,2,Male,77,3,4,Sales Executive,1,Single,13341,High,25098,0,Y,No,12,3,1,80,0,21,3,3,20,10+,8,11,10
EMP1405,42,40+,No,Non-Travel,335,Research & Development,23,2,Life Sciences,1,1976,4,Male,37,2,2,Research Scientist,3,Single,4332,Medium,14811,1,Y,No,12,3,4,80,0,20,2,3,20,10+,9,3,7
EMP1406,31,30-40,No,Non-Travel,697,Research & Development,10,3,Medical,1,1979,3,Female,40,3,3,Research Director,3,Married,11031,High,26862,4,Y,No,20,4,3,80,1,13,2,4,11,10+,7,4,8
EMP1407,54,40+,No,Travel_Rarely,157,Research & Development,10,3,Medical,1,1980,3,Female,77,3,2,Manufacturing Director,1,Single,4440,Medium,25198,6,Y,Yes,19,3,4,80,0,9,3,3,5,2-5,2,1,4
EMP1408,24,Under 30,No,Travel_Rarely,771,Research & Development,1,2,Life Sciences,1,1981,2,Male,45,2,2,Healthcare Representative,3,Single,4617,Medium,14120,1,Y,No,12,3,2,80,0,4,2,2,4,2-5,3,1,2
EMP1409,23,Under 30,No,Travel_Rarely,571,Research & Development,12,2,Other,1,1982,4,Male,78,3,1,Laboratory Technician,4,Single,2647,Low,13672,1,Y,No,13,3,3,80,0,5,6,4,5,2-5,2,1,4
EMP1410,40,30-40,No,Travel_Frequently,692,Research & Development,11,3,Technical Degree,1,1985,4,Female,73,3,2,Laboratory Technician,3,Married,6323,Medium,26849,1,Y,No,11,3,1,80,1,10,2,4,10,5-10,9,9,4
EMP1411,40,30-40,No,Travel_Rarely,444,Sales,2,2,Marketing,1,1986,2,Female,92,3,2,Sales Executive,2,Married,5677,Medium,4258,3,Y,No,14,3,3,80,1,15,4,3,11,10+,8,5,10
EMP1412,25,Under 30,No,Travel_Rarely,309,Human Resources,2,3,Human Resources,1,1987,3,Female,82,3,1,Human Resources,2,Married,2187,Low,19655,4,Y,No,14,3,3,80,0,6,3,3,2,2-5,0,1,2
EMP1413,30,30-40,No,Travel_Rarely,911,Research & Development,1,2,Medical,1,1989,4,Male,76,3,1,Laboratory Technician,2,Married,3748,Medium,4077,1,Y,No,13,3,3,80,0,12,6,2,12,10+,8,1,7
EMP1414,25,Under 30,No,Travel_Rarely,977,Research & Development,2,1,Other,1,1992,4,Male,57,3,1,Laboratory Technician,3,Divorced,3977,Medium,7298,6,Y,Yes,19,3,3,80,1,7,2,2,2,2-5,2,0,2
EMP1415,47,40+,No,Travel_Rarely,1180,Research & Development,25,3,Medical,1,1993,1,Male,84,3,3,Healthcare Representative,3,Single,8633,High,13084,2,Y,No,23,4,2,80,0,25,3,3,17,10+,14,12,11
EMP1416,33,30-40,No,Non-Travel,1313,Research & Development,1,2,Medical,1,1994,2,Male,59,2,1,Laboratory Technician,3,Divorced,2008,Low,20439,1,Y,No,12,3,3,80,3,1,2,2,1,<2,1,0,0
EMP1417,38,30-40,No,Travel_Rarely,1321,Sales,1,4,Life Sciences,1,1995,4,Male,86,3,2,Sales Executive,2,Married,4440,Medium,7636,0,Y,No,15,3,1,80,2,16,3,3,15,10+,13,5,8
EMP1418,31,30-40,No,Travel_Rarely,1154,Sales,2,2,Life Sciences,1,1996,1,Male,54,3,1,Sales Representative,3,Married,3067,Medium,6393,0,Y,No,19,3,3,80,1,3,1,3,2,2-5,2,1,2
EMP1419,38,30-40,No,Travel_Frequently,508,Research & Development,6,4,Life Sciences,1,1997,1,Male,72,2,2,Manufacturing Director,3,Married,5321,Medium,14284,2,Y,No,11,3,4,80,1,10,1,3,8,5-10,3,7,7
EMP1420,42,40+,No,Travel_Rarely,557,Research & Development,18,4,Life Sciences,1,1998,4,Male,35,3,2,Research Scientist,1,Divorced,5410,Medium,11189,6,Y,Yes,17,3,3,80,1,9,3,2,4,2-5,3,1,2
EMP1421,41,40+,No,Travel_Rarely,642,Research & Development,1,3,Life Sciences,1,1999,4,Male,76,3,1,Research Scientist,4,Married,2782,Low,21412,3,Y,No,22,4,1,80,1,12,3,3,5,2-5,3,1,0
EMP1422,47,40+,No,Non-Travel,1162,Research & Development,1,1,Medical,1,2000,3,Female,98,3,3,Research Director,2,Married,11957,High,17231,0,Y,No,18,3,1,80,2,14,3,1,13,10+,8,5,12
EMP1423,35,30-40,No,Travel_Rarely,1490,Research & Development,11,4,Medical,1,2003,4,Male,43,3,1,Laboratory Technician,3,Married,2660,Low,20232,7,Y,Yes,11,3,3,80,1,5,3,3,2,2-5,2,2,2
EMP1424,22,Under 30,No,Travel_Rarely,581,Research & Development,1,2,Life Sciences,1,2007,4,Male,63,3,1,Research Scientist,3,Single,3375,Medium,17624,0,Y,No,12,3,4,80,0,4,2,4,3,2-5,2,1,2
EMP1425,35,30-40,No,Travel_Rarely,1395,Research & Development,9,4,Medical,1,2008,2,Male,48,3,2,Research Scientist,3,Single,5098,Medium,18698,1,Y,No,19,3,2,80,0,10,5,3,10,5-10,7,0,8
EMP1426,33,30-40,No,Travel_Rarely,501,Research & Development,15,2,Medical,1,2009,2,Female,95,3,2,Healthcare Representative,4,Married,4878,Medium,21653,0,Y,Yes,13,3,1,80,1,10,6,3,9,5-10,7,8,1
EMP1427,32,30-40,No,Travel_Rarely,267,Research & Development,29,4,Life Sciences,1,2010,3,Female,49,2,1,Laboratory Technician,2,Single,2837,Low,15919,1,Y,No,13,3,3,80,0,6,3,3,6,5-10,2,4,1
EMP1428,40,30-40,No,Travel_Rarely,543,Research & Development,1,4,Life Sciences,1,2012,1,Male,83,3,1,Laboratory Technician,4,Married,2406,Low,4060,8,Y,No,19,3,3,80,2,8,3,2,1,<2,0,0,0
EMP1429,32,30-40,No,Travel_Rarely,234,Sales,1,4,Medical,1,2013,2,Male,68,2,1,Sales Representative,2,Married,2269,Low,18024,0,Y,No,14,3,2,80,1,3,2,3,2,2-5,2,2,2
EMP1430,39,30-40,No,Travel_Rarely,116,Research & Development,24,1,Life Sciences,1,2014,1,Male,52,3,2,Research Scientist,4,Single,4108,Medium,5340,7,Y,No,13,3,1,80,0,18,2,3,7,5-10,7,1,7
EMP1431,38,30-40,No,Travel_Rarely,201,Research & Development,10,3,Medical,1,2015,2,Female,99,1,3,Research Director,3,Married,13206,High,3376,3,Y,No,12,3,1,80,1,20,3,3,18,10+,16,1,11
EMP1432,32,30-40,No,Travel_Rarely,801,Sales,1,4,Marketing,1,2016,3,Female,48,3,3,Sales Executive,4,Married,10422,High,24032,1,Y,No,19,3,3,80,2,14,3,3,14,10+,10,5,7
EMP1433,37,30-40,No,Travel_Rarely,161,Research & Development,10,3,Life Sciences,1,2017,3,Female,42,4,3,Research Director,4,Married,13744,High,15471,1,Y,Yes,25,4,1,80,1,16,2,3,16,10+,11,6,8
EMP1434,25,Under 30,No,Travel_Rarely,1382,Sales,8,2,Other,1,2018,1,Female,85,3,2,Sales Executive,3,Divorced,4907,Medium,13684,0,Y,Yes,22,4,2,80,1,6,3,2,5,2-5,3,0,4
EMP1435,52,40+,No,Non-Travel,585,Sales,29,4,Life Sciences,1,2019,1,Male,40,3,1,Sales Representative,4,Divorced,3482,Medium,19788,2,Y,No,15,3,2,80,2,16,3,2,9,5-10,8,0,0
EMP1436,44,40+,No,Travel_Rarely,1037,Research & Development,1,3,Medical,1,2020,2,Male,42,3,1,Research Scientist,4,Single,2436,Low,13422,6,Y,Yes,12,3,3,80,0,6,2,3,4,2-5,3,1,2
EMP1437,21,Under 30,No,Travel_Rarely,501,Sales,5,1,Medical,1,2021,3,Male,58,3,1,Sales Representative,1,Single,2380,Low,25479,1,Y,Yes,11,3,4,80,0,2,6,3,2,2-5,2,1,2
EMP1438,39,30-40,No,Non-Travel,105,Research & Development,9,3,Life Sciences,1,2022,4,Male,87,3,5,Manager,4,Single,19431,High,15302,2,Y,No,13,3,3,80,0,21,3,2,6,5-10,0,1,3
EMP1439,23,Under 30,Yes,Travel_Frequently,638,Sales,9,3,Marketing,1,2023,4,Male,33,3,1,Sales Representative,1,Married,1790,Low,26956,1,Y,No,19,3,1,80,1,1,3,2,1,<2,0,1,0
EMP1440,36,30-40,No,Travel_Rarely,557,Sales,3,3,Medical,1,2024,1,Female,94,2,3,Sales Executive,4,Married,7644,High,12695,0,Y,No,19,3,3,80,2,10,2,3,9,5-10,7,3,4
EMP1441,36,30-40,No,Travel_Frequently,688,Research & Development,4,2,Life Sciences,1,2025,4,Female,97,3,2,Manufacturing Director,2,Divorced,5131,Medium,9192,7,Y,No,13,3,2,80,3,18,3,3,4,2-5,2,0,2
EMP1442,56,40+,No,Non-Travel,667,Research & Development,1,4,Life Sciences,1,2026,3,Male,57,3,2,Healthcare Representative,3,Divorced,6306,Medium,26236,1,Y,No,21,4,1,80,1,13,2,2,13,10+,12,1,9
EMP1443,29,Under 30,Yes,Travel_Rarely,1092,Research & Development,1,4,Medical,1,2027,1,Male,36,3,1,Research Scientist,4,Married,4787,Medium,26124,9,Y,Yes,14,3,2,80,3,4,3,4,2,2-5,2,2,2
EMP1444,42,40+,No,Travel_Rarely,300,Research & Development,2,3,Life Sciences,1,2031,1,Male,56,3,5,Manager,3,Married,18880,High,17312,5,Y,No,11,3,1,80,0,24,2,2,22,10+,6,4,14
EMP1445,56,40+,Yes,Travel_Rarely,310,Research & Development,7,2,Technical Degree,1,2032,4,Male,72,3,1,Laboratory Technician,3,Married,2339,Low,3666,8,Y,No,11,3,4,80,1,14,4,1,10,5-10,9,9,8
EMP1446,41,40+,No,Travel_Rarely,582,Research & Development,28,4,Life Sciences,1,2034,1,Female,60,2,4,Manufacturing Director,2,Married,13570,High,5640,0,Y,No,23,4,3,80,1,21,3,3,20,10+,7,0,10
EMP1447,34,30-40,No,Travel_Rarely,704,Sales,28,3,Marketing,1,2035,4,Female,95,2,2,Sales Executive,3,Married,6712,Medium,8978,1,Y,No,21,4,4,80,2,8,2,3,8,5-10,7,1,7
EMP1448,36,30-40,No,Non-Travel,301,Sales,15,4,Marketing,1,2036,4,Male,88,1,2,Sales Executive,4,Divorced,5406,Medium,10436,1,Y,No,24,4,1,80,1,15,4,2,15,10+,12,11,11
EMP1449,41,40+,No,Travel_Rarely,930,Sales,3,3,Life Sciences,1,2037,3,Male,57,2,2,Sales Executive,2,Divorced,8938,High,12227,2,Y,No,11,3,3,80,1,14,5,3,5,2-5,4,0,4
EMP1450,32,30-40,No,Travel_Rarely,529,Research & Development,2,3,Technical Degree,1,2038,4,Male,78,3,1,Research Scientist,1,Single,2439,Low,11288,1,Y,No,14,3,4,80,0,4,4,3,4,2-5,2,1,2
EMP1451,35,30-40,No,Travel_Rarely,1146,Human Resources,26,4,Life Sciences,1,2040,3,Female,31,3,3,Human Resources,4,Single,8837,High,16642,1,Y,Yes,16,3,3,80,0,9,2,3,9,5-10,0,1,7
EMP1452,38,30-40,No,Travel_Rarely,345,Sales,10,2,Life Sciences,1,2041,1,Female,100,3,2,Sales Executive,4,Married,5343,Medium,5982,1,Y,No,11,3,3,80,1,10,1,3,10,5-10,7,1,9
EMP1453,50,40+,Yes,Travel_Frequently,878,Sales,1,4,Life Sciences,1,2044,2,Male,94,3,2,Sales Executive,3,Divorced,6728,Medium,14255,7,Y,No,12,3,4,80,2,12,3,3,6,5-10,3,0,1
EMP1454,36,30-40,No,Travel_Rarely,1120,Sales,11,4,Marketing,1,2045,2,Female,100,2,2,Sales Executive,4,Married,6652,Medium,14369,4,Y,No,13,3,1,80,1,8,2,2,6,5-10,3,0,0
EMP1455,45,40+,No,Travel_Rarely,374,Sales,20,3,Life Sciences,1,2046,4,Female,50,3,2,Sales Executive,3,Single,4850,Medium,23333,8,Y,No,15,3,3,80,0,8,3,3,5,2-5,3,0,1
EMP1456,40,30-40,No,Travel_Rarely,1322,Research & Development,2,4,Life Sciences,1,2048,3,Male,52,2,1,Research Scientist,3,Single,2809,Low,2725,2,Y,No,14,3,4,80,0,8,2,3,2,2-5,2,2,2
EMP1457,35,30-40,No,Travel_Frequently,1199,Research & Development,18,4,Life Sciences,1,2049,3,Male,80,3,2,Healthcare Representative,3,Married,5689,Medium,24594,1,Y,Yes,14,3,4,80,2,10,2,4,10,5-10,2,0,2
EMP1458,40,30-40,No,Travel_Rarely,1194,Research & Development,2,4,Medical,1,2051,3,Female,98,3,1,Research Scientist,3,Married,2001,Low,12549,2,Y,No,14,3,2,80,3,20,2,3,5,2-5,3,0,2
EMP1459,35,30-40,No,Travel_Rarely,287,Research & Development,1,4,Life Sciences,1,2052,3,Female,62,1,1,Research Scientist,4,Married,2977,Low,8952,1,Y,No,12,3,4,80,1,4,5,3,4,2-5,3,1,1
EMP1460,29,Under 30,No,Travel_Rarely,1378,Research & Development,13,2,Other,1,2053,4,Male,46,2,2,Laboratory Technician,2,Married,4025,Medium,23679,4,Y,Yes,13,3,1,80,1,10,2,3,4,2-5,3,0,3
EMP1461,29,Under 30,No,Travel_Rarely,468,Research & Development,28,4,Medical,1,2054,4,Female,73,2,1,Research Scientist,1,Single,3785,Medium,8489,1,Y,No,14,3,2,80,0,5,3,1,5,2-5,4,0,4
EMP1462,50,40+,Yes,Travel_Rarely,410,Sales,28,3,Marketing,1,2055,4,Male,39,2,3,Sales Executive,1,Divorced,10854,High,16586,4,Y,Yes,13,3,2,80,1,20,3,3,3,2-5,2,2,0
EMP1463,39,30-40,No,Travel_Rarely,722,Sales,24,1,Marketing,1,2056,2,Female,60,2,4,Sales Executive,4,Married,12031,High,8828,0,Y,No,11,3,1,80,1,21,2,2,20,10+,9,9,6
EMP1464,31,30-40,No,Non-Travel,325,Research & Development,5,3,Medical,1,2057,2,Male,74,3,2,Manufacturing Director,1,Single,9936,High,3787,0,Y,No,19,3,2,80,0,10,2,3,9,5-10,4,1,7
EMP1465,26,Under 30,No,Travel_Rarely,1167,Sales,5,3,Other,1,2060,4,Female,30,2,1,Sales Representative,3,Single,2966,Low,21378,0,Y,No,18,3,4,80,0,5,2,3,4,2-5,2,0,0
EMP1466,36,30-40,No,Travel_Frequently,884,Research & Development,23,2,Medical,1,2061,3,Male,41,4,2,Laboratory Technician,4,Married,2571,Low,12290,4,Y,No,17,3,3,80,1,17,3,3,5,2-5,2,0,3
EMP1467,39,30-40,No,Travel_Rarely,613,Research & Development,6,1,Medical,1,2062,4,Male,42,2,3,Healthcare Representative,1,Married,9991,High,21457,4,Y,No,15,3,1,80,1,9,5,3,7,5-10,7,1,7
EMP1468,27,Under 30,No,Travel_Rarely,155,Research & Development,4,3,Life Sciences,1,2064,2,Male,87,4,2,Manufacturing Director,2,Married,6142,Medium,5174,1,Y,Yes,20,4,2,80,1,6,0,3,6,5-10,2,0,3
EMP1469,49,40+,No,Travel_Frequently,1023,Sales,2,3,Medical,1,2065,4,Male,63,2,2,Sales Executive,2,Married,5390,Medium,13243,2,Y,No,14,3,4,80,0,17,3,2,9,5-10,6,0,8
EMP1470,34,30-40,No,Travel_Rarely,628,Research & Development,8,3,Medical,1,2068,2,Male,82,4,2,Laboratory Technician,3,Married,4404,Medium,10228,2,Y,No,12,3,1,80,0,6,3,4,4,2-5,3,1,2
